	src	tgt
0	뭔가 해보자!	¡Intentemos algo!
1	자야 합니다.	Tengo que irme a dormir.
2	자야 합니다.	Tengo que dormir.
3	뭐해?	¿Qué estás haciendo?
4	그것은 무엇입니까?	¿Qué es eso?
5	오늘은 6월 18일, Muiriel의 생일입니다!	¡Hoy es 18 de junio y es el cumpleaños de Muiriel!
6	생일 축하해 Muiriel!	¡Feliz cumpleaños, Muiriel!
7	Muiriel은 지금 20살입니다.	Ahora, Muiriel tiene 20 años.
8	Muiriel은 지금 20살입니다.	Muiriel ahora tiene 20 años.
9	"비밀번호는 ""Muiriel"" 입니다."	"La contraseña es ""Muiriel""."
10	곧 돌아올께요.	Volveré pronto.
11	모르겠어요.	No sé.
12	이건 절대 끝나지 않을거야.	Esto no acabará nunca.
13	뭐라고 말해야 할지 정말 모르겠어...	Simplemente no sé qué decir...
14	나는 산에 있었어.	Yo estaba en las montañas.
15	이 사진 최근 거에요?	¿Es una foto reciente?
16	시간 있는지 잘 모르겠어요.	No sé si tengo tiempo.
17	이 세상의 교육이 나를 실망시켜요.	La educación en este mundo me decepciona.
18	저는 하루에 100유로를 법니다.	Gano 100 € al día.
19	왜냐하면 당신은 혼자가 되고 싶지 않기 때문이에요.	Eso es porque no quieres estar solo.
20	보고 싶어.	Te echo de menos.
21	당신 좀 자야겠어요.	Deberías dormir.
22	나는 갈 거에요.	Voy a ir.
23	유감스럽게도 사실이네요.	Desafortunadamente es verdad.
24	유감스럽게도 사실이네요.	Lamentablemente es verdad.
25	정말이에요?	¿Estás seguro?
26	일어났을 때 슬펐어.	Cuando me desperté estaba triste.
27	혼자인 사람은 다른 사람들을 두려워하기 때문에 혼자다.	Todas las personas que están solas, están solas porque tienen miedo de los demás.
28	일본에 갈 수 있었으면 좋겠어요.	Deseo poder ir a Japón.
29	일본에 갈 수 있었으면 좋겠어요.	Sería bueno si pudiera ir a Japón.
30	사람 많은 게 싫어요.	Odio cuando hay mucha gente.
31	자야겠어요.	Me tengo que ir a la cama.
32	오늘은 더 이상 물어보지 않겠어요.	No te preguntaré más por hoy.
33	그가 사과를 했음에도 불구하고, 난 아직 화가 나 있어요.	Aunque él se disculpó, aún estoy enojada.
34	그가 사과를 했음에도 불구하고, 난 아직 화가 나 있어요.	Aunque se haya disculpado, sigo estando enojado.
35	아는분이 없을겁니다.	Nadie sabrá.
36	아는분이 없을겁니다.	No habrá ningún conocido.
37	해결책을 찾았지만 너무 빨리 찾아서 맞는 답이 아닌거 같습니다.	Encontré una solución, pero la encontré tan rápido que no puede ser la correcta.
38	해결책을 찾았지만 너무 빨리 찾아서 맞는 답이 아닌거 같습니다.	Encontré una solución, pero la encontré tan rápido que parece no ser la respuesta correcta.
39	무엇이 문제입니까?	¿Dónde está el problema?
40	무엇이 문제입니까?	¿Cuál es el problema?
41	더이상 어떻게 해야할지 모르겠어.	Ya no sé qué hacer.
42	더이상 어떻게 해야할지 모르겠어.	Últimamente no se qué es lo que debo hacer.
43	나는 언젠가는 프랑스에 꼭 가야되는데, 그게 언제인지는 모르겠어.	Es inevitable que yo vaya a Francia algún día, sólo que no sé cuándo.
44	아무나 할 수 있는 것이 아닙니다.	No es algo que pueda hacer cualquiera.
45	모두가 너를 만나고 싶어해, 너 유명하네!	Todos quieren conocerte. ¡Eres famoso!
46	왜 안되는지 설명할려면 시간 너무 많이 걸리겠다.	Me llevaría demasiado tiempo explicarte por qué no va a funcionar.
47	"작고 흰 토끼는 ""무슨 일 있니?"" 라고 물어봤습니다."	—¿Qué pasa? —preguntó el pequeño conejo blanco.
48	히로시는 이것 재미 있을 것 같다고 말한다.	—Esto parece muy interesante —dice Hiroshi.
49	히로시는 이것 재미 있을 것 같다고 말한다.	Hiroshi dice que esto parece que será interesante.
50	우리가 가든지 안 가든지는 네가 결정해.	Depende de ti decidir si vamos allí o no.
51	저는 남은 인생을 그것에 대해 후회하면서 지내고 싶지 않아요.	No quiero pasarme el resto de mi vida arrepintiéndome de ello.
52	나는 꿈이 있어.	Tengo un sueño.
53	놀라워 하고, 궁금해 하는 것이 이해의 시작이다.	Sorprenderse, extrañarse, es comenzar a entender.
54	그러나 우주는 무한하다.	No cabe duda de que el universo es infinito.
55	한가지만 빼면 그녀는 완벽해요.	Para ser perfecta sólo le faltaba un defecto.
56	그러나, 그 반대도 또한 항상 진실이다.	Y sin embargo, también lo contrario es siempre verdadero.
57	그 모습 그대로 사물을 보지 않고, 우리 자신의 모습으로 그것을 바라본다.	No vemos las cosas según son, sino según somos.
58	이 세상은 미치광이들의 소굴이다	El mundo es una jaula de locos.
59	너 멍청하게 보여.	Te ves raro.
60	난 쇼핑 가야되요, 한 시간 안에 돌아올게요.	Tengo que ir de compras, estaré de vuelta en una hora.
61	이탈리아는 아주 아름다운 나라입니다.	Italia es un país muy bonito.
62	바라는 것이 없으면 부족함이 없다.	No desear es lo mismo que poseer.
63	당신이 내일 아침에 일어나서 우주가 사라졌다는 것을 알게 된다면 수학은 당신이 계속해서 연구할 수 있는 과학의 한 부분입니다.	Matemática es la parte de la ciencia que podrías continuar haciendo si despertaras mañana y descubrieras que el universo se ha ido.
64	나 머리 아파.	Me duele la cabeza.
65	나를 그런면에서 몰랐다면 나를 완전히 모르는거야.	Si no sabes eso de mí, entonces no me conoces completamente.
66	저는 항상 바빠요.	Siempre estoy ocupado.
67	저는 항상 바빠요.	Siempre estoy ocupada.
68	효고 대학생입니다.	Soy estudiante de la universidad Hyogo.
69	사랑해요.	Te quiero.
70	이것이 고기 들어가요?	¿Contiene carne esta comida?
71	그는 문제 (를) 제기했다.	El elevó un problema.
72	외국어 습득에는 인내가 필요하다.	Adquirir un idioma extranjero requiere paciencia.
73	그는 7월 초에 런던으로 향했다.	Él se dirigió hacia Londres a principios de julio.
74	나는 그의 모자가 싫다.	No me gusta su sombrero.
75	만약 내가 지금 그 일을 하지 않으면, 영영 못 할것이다.	Si no lo hago ahora, nunca lo haré.
76	안녕하세요.	Buenas tardes.
77	안녕하세요.	Buenos días.
78	안녕하세요.	Buenas noches.
79	나는 자주 버스에서 졸다가 내릴 정류장을 지나쳐간다.	Seguido me duermo en el autobús y se me pasa la parada.
80	나는 김밥을 먹고십어요	Quiero comer gimbap.
81	이 CD 는 10 달러 입니다.	Comprar el CD cuesta 10 dólares.
82	비가 내려서 택시를 탔습니다.	Cogí un taxi porque llovía.
83	내친구는 한국어를 공부해요.	Mi amigo estudia coreano.
84	내친구는 한국어를 공부해요.	Mi amiga estudia coreano.
85	오늘 숙제가 너무 많아요.	Hoy tengo mucha tarea.
86	지난 방학 때 뭐 했어요?	¿Qué hiciste las vacaciones pasadas?
87	열쇠를 잃어버렸다.	Perdí la llave.
88	열쇠를 잃어버렸다.	Perdió la llave.
89	바쁘세요?	¿Está usted ocupado?
90	바쁘세요?	¿Está usted ocupada?
91	죽어!	¡Muere!
92	사랑은 사랑을 사랑해요.	El amor ama el amor.
93	여기에 있는 동안 뭘 하고 싶으세요?	¿Qué es lo que quieres hacer mientras estás aquí?
94	그녀는 즐거운 꿈을 꾸었다.	Ella tuvo un sueño agradable.
95	당신이 날 필요하면, 난 어딘가에있을거야.	Si me necesitas, estaré en alguna parte.
96	올림픽은 4 년마다 열린다.	Las olimpiadas se abren cada 4 años.
97	당신은 어디든 가도 돼요.	Tú puedes ir a donde sea.
98	저는 어제 영화를 보러 갔습니다.	Ayer fui a ver películas.
99	저는 어제 영화를 보러 갔습니다.	Ayer fui al cine.
100	실례합니다.	Disculpe.
101	나는 새 차를 살 여유가 없다.	No tengo para comprar carro nuevo.
102	디마는 하룻밤에 25 남자와 자고 그다음에 그들을 죽였다.	Dina durmió con 25 hombres en una noche y después los mató.
103	사랑이 뭐야?	¿Qué es el amor?
104	내 생각엔 그의 제안을 고려해 볼 만하다.	Creo que vale la pena tomar en cuenta su sugerencia.
105	푸에르토리코의 위치를 지도 위에 보여주세요.	Muéstrame en qué parte del mapa está Puerto Rico.
106	재미 있는 제안이야. 그게 좀 고려야겠다.	Una propuesta interesante. Necesitaría razonar sobre ello.
107	우리는 그 사슴의 발자국을 따라갔다.	Seguimos las pistas dejadas por el venado.
108	라자로 자멘호픈 폴란드인이에요.	Lázaro Zamenhof es polaco.
109	너 스타크래프트 진짜잘하더라.	Juegas muy bien StarCraft.
110	나는 캐비아를 먹었다.	Comí caviar.
111	산타 할아버지, 크리스마스 선물로 여자친구를 받고 싶어요	Papá Noel, me gustaría una novia por regalo.
112	여보세요?	¿Bueno?
113	이것은 중국의 부채입니다.	Este es un abanico chino.
114	오늘 밤 하늘에는 별들이 아주 밝게 빛나고 있어.	Esta noche las estrellas brillan con fuerza en el cielo.
115	언어 목록에서 왜 몰타어가 빠졌는가?	¿Por qué falta el maltés en la lista de idiomas?
116	우리 자기 화이팅!	Tú puedes, cielito.
117	힘내요 내가 있잖아요~	¡Ánimo! Estoy aquí, ¿no?
118	사랑이 사랑을 어떻게 사랑할 수 있니?	¿Cómo puede el amor amar al amor?
119	우리는 아직 탄으로 난방을 했다.	Todavía calentábamos con carbón.
120	나는 생각한다, 고로 나는 존재한다.	Pienso, luego existo.
121	여자들은 후진 주차를 잘 못한다고 한다.	Se dice que las mujeres no se pueden estacionar bien en reversa.
122	오스트리아에서는 고속도로 사용을 위해서 통행료를 지불해야 한다.	En Austria, se debe pagar peaje para usar autopista.
123	부모를 공경해야 한다.	Debemos respetar a nuestros padres.
124	너 바보 아냐!	¡Tú no eres tonto!
125	너의 마음을 상하게 하려고 한 것은 아니다.	No era mi intención hacerte daño.
126	실례지만 영어 할 줄 아세요?	Perdone, ¿habla usted inglés?
127	실례지만 영어 할 줄 아세요?	Disculpe, pero ¿habla inglés?
128	나에게 긴 편지를 썼다.	Él me escribió una larga carta.
129	어디에서 태어나셨습니까?	¿Dónde nació?
130	그녀는 얼굴이 빨개졌다.	Ella se puso roja.
131	그녀는 오른쪽 눈이 멀었다.	Ella tiene el ojo derecho ciego.
132	너 어떻게 알게 됐어?	¿Tú cómo supiste?
133	1492년에는 콜럼버스가 아메리카 대륙을 발견했다.	Colón descubrió América en 1492.
134	뛰어라, 네가 할 수 있는 만큼 빨리.	Corre, tan rápido como tú puedas.
135	주목해 주시겠습니까?	¿Me presta su atención, por favor?
136	너는 사실을 직시해야 한다.	Tienes que enfrentarte a la verdad.
137	너는 위트 감각이 좋다.	Tienes sentido del humor.
138	너 손에 무엇을 가지고 있니?	¿Qué tienes en la mano?
139	너는 몇 개의 언어를 말할 수 있니?	¿Cuántos idiomas hablas?
140	다음 사람요!	Siguiente persona, por favor.
141	그것은 완전히 터무니없는 짓이다!	¡Eso es algo totalmente ridículo!
142	2, 4 그리고 6은 짝수이다.	2, 4 y 6 son números pares.
143	카드로 지불할 수 있습니까?	¿Se puede pagar con tarjeta?
144	폭풍이 불 것이라고 생각한다.	Pienso que soplará una tormenta.
145	맛있게 드십시오!	¡Buen apetito!
146	맛있게 드십시오!	¡Buen provecho!
147	나는 1960년 2월 14일에 태어났다.	Nací el 14 de febrero de 1960.
148	그녀는 당황해서 얼굴이 빨개졌다.	Ella se puso roja de vuergüenza.
149	그는 매일 면도한다.	Se rasura todos los días.
150	해는 동쪽에서 떠서 서쪽으로 진다.	El sol sale del este y se pone en el oeste.
151	나는 달에 가고 싶다.	Yo quiero ir a la luna.
152	눈은 햇빛에 녹았다.	La nieve se derritió en el sol.
153	그 호수가 얼어붙었다.	El estanque se congeló.
154	그 호수가 얼어붙었다.	El lago se congeló.
155	과장하지 마!	¡No exageres!
156	당신의 생각은 전적으로 옳습니다.	Tiene toda la razón.
157	오늘은 날씨가 매우 덥다.	Hoy hace mucho calor.
158	오늘이 며칠이지?	¿A qué fecha estamos hoy?
159	오늘이 며칠이지?	¿Qué fecha es hoy?
160	어떻게 그런 일이 발생할 수 있었지?	¿Cómo pudo ocurrir algo así?
161	우리는 오래된 친구들이다.	Somos viejos amigos.
162	위험 부담이 너무 크다.	La carga de riesgo es demasiado grande.
163	고르셨습니까?	¿Ya ha elegido?
164	그것을 의도적으로 했어!	¡Lo hiciste adrede!
165	내가 사방으로 찾았다.	Lo busqué a diestra y siniestra.
166	직업이 무엇입니까?	¿Cuál es su profesión?
167	나중에 보자!	¡Nos vemos!
168	콜럼버스가 아메리카 대륙을 발견했다.	Colón descubrió el continente americano.
169	나는 뉴욕에서 길을 잃었다.	En Nueva York me perdí.
170	나는 소변을 잘 가리지 못하는 좀 바보스런 아이였다.	Yo era un niño tontito que no se daba cuenta de cuándo tenía ganas de orinar.
171	네 시계 맞니?	¿Está bien tu reloj?
172	위 사건에 관하여 원고는 아래의 피 신청인에 대하여 민사소송법 82조에 따라 소송의 인수를 신청합니다.	Con respecto al caso arriba, el demandante, de conformidad con el Código de Procedimiento Civil 82, solicita la aceptación del litigio contra el demandado abajo.
173	어린 나는 그 이야기에 완전히 압도되어 버렸다.	Cuando era chico, fui completamente abrumado por esa historia.
174	다음 관광 여행이 언제예요?	¿Cuándo es el siguiente tour guiado?
175	그렇게 구성없게 굴지 마라!	¡No te portes como un animal!
176	그렇게 구성없게 굴지 마라!	¡No te comportes como un elefante encadenado!
177	그는 위트 감각이 좋다.	Él tiene buen sentido de ingenio.
178	이 범죄사건은 영원히 해결될 수 없었다.	Este caso criminal jamás pudo ser resuelto.
179	당신에게는 진술을 거부할 권리가 있습니다.	Tienes el derecho a rechazar un comunicado.
180	우리는 삼촌의 방문을 기쁜 마음으로 기다리고 있다.	Esperamos la visita de nuestro tío con el corazón alegre.
181	그는 왼팔을 부러뜨렸다.	Él se rompió el brazo izquierdo.
182	너 수영할 수 있니?	¿Puedes nadar?
183	친구는 도서관에 공부하러 와요	Mi amigo ha venido a la biblioteca para estudiar.
184	친구는 도서관에 공부하러 와요	Mi amigo viene a la biblioteca para estudiar.
185	존이 공항에 있어요.	John está en el aeropuerto.
186	토마스한테 전화해요.	Hablo por teléfono con Tomás.
187	한 상자에 얼마예요?	¿A cuánto la caja?
188	주소하고 집 전화 번호를 쓰세요.	Escribe la dirección y el número de teléfono de casa.
189	한국어를 배우고 싶어요.	Quiero aprender coreano.
190	선생님을 만나고 싶어요.	Quiero ver al maestro.
191	중국에 가고 싶었어요	Yo quería ir a China.
192	어디에 가고 싶으세요?	¿Adónde quiere ir?
193	저는 일본어 선생님이 되고 싶어요.	Quiero ser un maestro de japonés.
194	제시카가 노래를 부르고 있었어요.	Jessica estaba cantando una canción.
195	교수님이 전화를 하고 계세요.	El profesor está haciendo una llamada.
196	어머니가 케이크를 만들고 계세요.	Madre está haciendo un pastel.
197	어제는 일찍 일어났어요.	Ayer me desperté temprano.
198	한국말을 배우기가 힘들죠.	Es batalloso aprender coreano, ¿no?
199	집중력이 점차 떨어진다.	Mi concentración gradualmente se disminuye.
200	이리 오십시오.	Venga por aquí.
201	2 곱하기 7의 결과는 14이다.	El resultado de dos por siete es catorce.
202	그는 전화를 기다리고 있다.	Él está esperando la llamada.
203	그는 전화를 기다리고 있다.	Él está esperando una llamada.
204	택시 한 대만 불러 주시겠습니까?	¿Le llamo un taxi?
205	전혀 위험을 감수하지 않으면, 아무 것도 얻을 수 없다.	Si nunca se aceptan riesgos, no se puede obtener nada.
206	신의 존재를 믿니?	¿Crees en la existencia de Dios?
207	그들은 죽은 후의 삶이 있다고 믿는다.	Ellos creen que hay vida después de la muerte.
208	오류를 범하는 것은 인간의 속성이다.	El cometer errores es una cualidad humana.
209	신이 세상을 창조하였다.	Dios creó el mundo.
210	뭐라고?	¿Que qué?
211	형님께선 어떻게 이 먼 길을 오셨습니까?	¿Cómo ha venido usted por este camino tan largo?
212	형님께선 어떻게 이 먼 길을 오셨습니까?	¿Cómo ha venido usted tan lejos?
213	네 개가 어디 있어?	¿Dónde está tu perro?
214	나는 1948년 11월 22일에 태어났다.	Nací el 22 de noviembre de 1948.
215	비가 그쳤다.	Ha parado de llover.
216	비가 그쳤다.	Ha dejado de llover.
217	비가 그쳤다.	Paró de llover.
218	공항에서부터 호텔까지는 거리가 얼마나 됩니까?	¿Cuánta es la distancia desde el aeropuerto hasta el hotel?
219	알파벳은 몇 개의 글자로 되어 있습니까?	¿De cuántas letras se compone el abecedario?
220	나는 로마의 역사에 관한 책을 찾고 있다.	Estoy buscando libros acerca de la historia romana.
221	이 카메라가 어떻게 작동하지?	¿Cómo funciona esta cámara de fotos?
222	문은 자동으로 닫힌다.	La puerta se cierra automáticamente.
223	우리는 3시에 만난다.	Nos veremos a las tres.
224	그녀는 목소리가 아주 좋다.	Ella tiene una voz muy buena.
225	그는 소프라노로 노래부른다.	Él canta soprano.
226	악기 연주할 줄 아세요?	¿Sabe tocar instrumento?
227	매리의 눈에 눈물이 고였다.	Los ojos de Mary lagrimeaban.
228	아무튼 좋았겠다.	De todos modos, ha de haber estado bien.
229	좀더 준비할 시간이 필요해.	Necesitamos un poco más de tiempo para preparar.
230	그렇다면 돌아가야지.	Si es así, hay que regresar.
231	우리가 잘못 들은 거 아닐까?	¿No será que le entramos mal?
232	그녀의 시선을 등 뒤에서 느꼈다.	Sentí su mirada en mi espalda.
233	안녕하세요,예약을 했는데요, 제이름은 카오리 요시카와 입니다. 확인카드는 여기있습니다.	Hola, hice una reservación, mi nombre es Kaori Yoshikawa. Aquí está la tarjeta de confirmación.
234	이 협정은 무기한 존속한다.	Este acuerdo continuará en vigencia indefinidamente.
235	한국에서 무슨 언어를 말해요?	¿Qué idioma se habla en Corea?
236	그사람들이 뭐 해요?	¿Qué hace esa gente?
237	난 그에게 동의하지 않아.	No estoy de acuerdo con él.
238	왜 그 단어를 잊어버렸니?	¿Por qué olvidaste esa palabra?
239	바닷물에 잔잔한 파도가 일어난다.	En el mar salen olas suaves.
240	그 영화가 좋다고 하는 이유는, 예슬적인 측면에서 내용뿐만 아니라, 음악도 좋기 때문이에요.	La razón por la cual digo que la película está buena, no es sólo por el contenido artístico, porque la música también es buena.
241	음악과 영화의 구조가 조화를 이루고 있어요.	La música y la estructura de la película están en armonía.
242	비싼 중국식당에 초대받았어요.	Me invitaron a un restaurante chino que era caro.
243	언제부터 에스페란토를 배웠어요?	¿Desde cuándo aprendes esperanto?
244	다음 주 후에 다시 볼 수 있을 지 아직 몰라요.	Todavía no sé si podremos volver a vernos la semana que viene.
245	그는 선불교에 대한 글을 번역하셨어요.	Él tradujo el texto que se trata sobre el budismo zen.
246	대학원에 진학하려구요.	Quisiera matricularme en la escuela de posgrado.
247	일정은 아래의 첨부파일을 확인해 주십시오.	Respecto al programa, por favor revise el documento adjunto.
248	많은 관심과 참가 바랍니다.	Espero que tengan mucho interés y que participen.
249	여러 모로 바쁘신데도 흔쾌히 도와 주셔서 감사드립니다.	Muchas gracias por estar tan dispuesto a ayudarme estando tan ocupado con tantas cosas.
250	그는 나를 만나서 왔어요.	Él vino a verme.
251	가고 싶어.	Quiero ir.
252	무슨 일이야?	¿Qué pasa?
253	매 한가지다.	Todo es igual.
254	제비 한 마리를 보고 봄이 왔다고 말할 수 없다.	No se puede decir que ha llegado el verano al sólo ver una golondrina.
255	그의 새로운 소설은 읽을만한 가치가 있다.	Su nueva novela es digna de leerse.
256	네가 한 일은 기대에 못 미쳤어.	Tu trabajo no cumplió con nuestras expectativas.
257	이 투명한 액체는 독 성분을 포함하고 있다.	Este líquido transparente contiene ingredientes ponzoñosos.
258	물은 투명하다.	El agua es transparente.
259	그는 처음 헬스클럽에 갔을때는 정말 열심이었지만 몇 달이 지난후 게으름을 피우기 시작했고 결국 관두고 말았다.	Él estaba realmente entusiasmado cuando empezó a ir al gimnasio, pero después de algunos meses le empezó a dar flojera y eventualmente dejó de ir.
260	나의 사촌이 아직 어려서, 그들은 그에게 좀 더 기회를 줬다.	Como mi sobrino aún era joven, ellos le dieron un poco más de oportunidad.
261	나 좀 내버려 둬.	Déjame en paz.
262	그는 게으름 때문에 회사에서 짤렸다.	Él fue echado de la compañía por flojo.
263	내가 피곤한 건 더워서라기 보다 습해서야.	Estoy cansado, más que por hacer calor, por que está humedo.
264	우리 한동안 못 봤지!	No te hemos visto en un tiempo.
265	하루에 몇 번이나 거울을 보나요?	¿Como cuántas veces ves el espejo por día?
266	아이들은 들어올 수 없습니다.	Los niños no pueden entrar.
267	천에 백을 더하면 천백이 된다.	Si le agregas cien a mil, se vuelve mil cien.
268	이건 비밀이에요.	Esto es un secreto.
269	그들은 조각 흉내를 내고 있다.	Ellos imitan a una escultura.
270	일본의 날씨는 영국보다 따듯하다.	El clima de Japón es más cálido que el de Inglaterra.
271	포르투갈은 이웃이 하나 있고 그건 스페인이다.	Portugal tiene sólo un vecino y es España.
272	나는 너의 가장 친한 친구도 가장 나쁜 적도 될 수 있어.	Puedo ser tu mejor amiga o tu peor enemiga.
273	나는 너의 가장 친한 친구도 가장 나쁜 적도 될 수 있어.	Puedo ser tu mejor amigo o tu peor enemigo.
274	그 남자는 자가용이 있다.	Ese hombre tiene su propio carro.
275	그 사람은 동작이 빨라요.	Esa persona reacciona rápido.
276	내 생각에는 이게 가장 좋은 방법 같아.	Me parece que esta es la mejor manera.
277	이 문장은 괜찮은데.	Esta frase está bien.
278	이 문장은 괜찮은데.	¡Pero está bien esta frase!
279	난 마실꺼리를 준비할께.	Prepararé una bebida.
280	티켓은 각각 20엔 입니다.	Cada boleto vale veinte yen.
281	그녀는 스무 살에 선생님이 되었다.	Ella a los veinte años se hizo profesora.
282	우리 중 아무도 그 사람의 의견에 반대하지 않는다.	Ninguno de nosotros está en contra de su idea.
283	나는 역으로 들어오는 기차를 봤다.	Yo vi al tren entrando a la estación.
284	그 케이크는 레몬 맛이 조금 난다.	Ese pastel tiene un saborcito a limón.
285	인간은 이성이 있지만 동물은 없다.	El hombre es lógico pero el animal no.
286	탐에게 돌아오자 마자 전화해 달라고 물어봐 주세요.	Pídele a Tom que me llame tan pronto como regrese.
287	존은 나의 가장 친한 친구야.	Juan es mi mejor amigo.
288	탐은 메리와 뽀뽀하고 싶었지만 시도할 용기가 없었다.	Tom quería besar a Mary, pero no tuvo la osadía de intentarlo.
289	그녀가 돌아오면 나는 떠날거야.	Cuando ella regrese, yo me iré.
290	나는 건축을 얼어있는 음악이라고 부른다.	"Le llamo a la arquitectura, ""música congelada""."
291	그는 존이라는 세례명을 받았다.	"Él recibió el nombre de pila ""John""."
292	소년은 노예로 팔렸다.	El chico fue vendido como esclavo.
293	너 도쿄 타워 본적 없지?	No has visto la Torre de Tokio, ¿no?
294	그는 예를 들어 문제를 설명했다.	Ilustró el problema con un ejemplo.
295	둘 중 하나를 선택하세요.	Elija uno de los dos.
296	이건 사고가 아냐.	Esto no es un accidente.
297	그는 그녀를 다시 만날 정도로 어리석다.	Él es tan tonto como para volver a verla.
298	지금 바빠요.	Ahora estoy ocupado.
299	지금 바빠요.	Ahora estoy ocupada.
300	나는 내년에 중국어를 배우고 싶다.	Quiero aprender chino el año que viene.
301	나는 내년에 중국어를 배우고 싶다.	Yo quiero aprender chino el próximo año.
302	테니스는 재미있다.	El tenis es divertido.
303	당신을 도와줄 수 있는 괜찮은 변호사를 알고 있습니다.	Conozco un buen abogado que puede ayudarlo a usted.
304	그는 작년에 유언장을 썼습니다.	Él escribió su testamento el año pasado.
305	넌 너의 역할을 받아들일 필요가 있어.	Necesitas aceptar tu papel.
306	누가 우릴 보러 버밍험에 와요?	¿Quién va a venir a Birmingham a vernos?
307	전 한국 요리를 좋아해요.	Me gusta la comida coreana.
308	흥! 아무도 내가 만드는 문장을 번역 안하고 있어!	¡Uf! ¡Nadie está traduciendo las oraciones que compongo!
309	김씨는 그 사람보다 두살 더 나이가 많습니다.	El señor Kim es dos años mayor que esa persona.
310	이스마엘이라고 부르세요.	Llámeme Ismael.
311	달걀이 아직 뜨겁다.	Los huevos todavía están calientes.
312	아보카도는 아보카도 나무의 열매입니다.	El aguacate es el fruto del aguacatero.
313	아보카도는 아보카도 나무의 열매입니다.	Los aguacates son los frutos de los aguacateros.
314	"스웨덴 사람이세요? ""아니요, 스위스 사람이예요."""	"¿Es usted sueco? ""No, soy suizo."""
315	뭔가 들린 사람 있어?	¿Alguien oyó algo?
316	내가 어릴 때는 바다에 수영하러 가곤 했었지.	Cuando era niño, acostumbraba ir a nadar al mar.
317	술 말고 내가 제일 좋아하는 음료수는 아보카도 쉐이크야. 흑, 너무 맛있어!	Aparte de licor, la bebida que más me gusta es la malteada de aguacate. Uy, ¡qué rica!
318	난 그저 최선을 다하고 있을 뿐이다.	Solo estoy haciendo lo mejor que puedo.
319	이 영어 책은 내가 읽기엔 너무 어렵다.	Este libro en inglés está muy difícil para mí leer.
320	이 여자 엄청 예쁘다.	Esta mujer está muy bonita.
321	아이와 술취한 사람은 거짓말 하지 않는다.	Los niños y los borrachos no mienten.
322	정육면체의 부피를 어떻게 계산합니까?	¿Cómo se calcula el volumen de un cubo?
323	먹으러 갈만한 괜찮은 식당을 골라주세요.	Escoja un buen restaurante para ir a comer.
324	우리 애들은 학교에 있어요.	Mis hijos están en la escuela.
325	우리 애들은 학교에 있어요.	Nuestros hijos están en la escuela.
326	그걸 누가 가르쳐 줬어요?	¿Quién te enseñó eso?
327	그녀를 찾아야 한다.	Tengo que encontrarla.
328	나는 네 고양이가 좋은데, 네 고양이는 나를 싫어하네.	Me agrada tu gato, pero tu gato me odia.
329	제 말이 들리세요?	¿Me oye?
330	제 말이 들리세요?	¿Oye mis palabras?
331	조심하십시오. 길 위에 소가 있습니다.	¡Cuidado! ¡Hay una vaca en la carretera!
332	그의 용감한 행동은 메달을 받을 만한 가치가 있다.	Sus temerarias acciones son dignas de una medalla.
333	숙제 다 끝냈니?	¿Terminaste tu tarea?
334	압력이 낮으면, 끓는 점도 낮다.	Si está baja la presión, el punto de ebullición también es bajo.
335	잘 있어라, 쿠바.	Que estés bien, Cuba.
336	그는 불어로 말하고 쓸 수 있다.	Él puede hablar y escribir en francés.
337	난 죽음이 두렵지 않다.	Yo no le temo a la muerte.
338	난 죽음이 두렵지 않다.	No le temo a la muerte.
339	시도하지 않는 것이 실패하는 것이다.	No intentar es fracasar.
340	오해하지 마.	No me malentiendas.
341	그를 자주 보았습니까?	¿Lo viste seguido?
342	그를 자주 보았습니까?	¿Lo veías seguido?
343	직접 하신 건가요?	¿Lo hizo usted mismo?
344	너무너무 미안해서 구멍으로 들어가서 죽어버리고 싶어.	Lo siento tanto tanto que quisiera entrar a un hoyo y morir.
345	천천히.	Despacio.
346	아뇨, 노래 안하고 있는데요?	No, no estoy cantando.
347	우린 이탈리아 피자집에 갔어요.	Fuimos a una pizzería italiana.
348	언제까지나 친구로 지내자.	Pasémosla como amigos para siempre.
349	언제까지나 친구로 지내자.	Seamos buenos amigos para siempre.
350	돈인 별로 없지만, 너와 함께라면 행복해.	Casi no tengo dinero, pero estoy feliz si estoy contigo.
351	그거 너무 낭만적이다!	¡Eso es muy romántico!
352	이 바나나들 익은 거예요?	¿Ya maduraron estos plátanos?
353	마음먹기에 따라 똑같은 세상이 지옥이 될 수도 있고, 천국이 될 수도 있다.	Según la perspectiva, el mismo mundo puede ser un infierno, o puede ser el paraíso.
354	그녀가 언제 돌아올지 모르겠다.	No sé cuándo volverá.
355	사람은 일을 해야한다.	Una persona debe trabajar.
356	그녀는 이틀전에 돌아가셨다.	Ella falleció hace dos días.
357	항상 감사드리며 선생님의 노고에 깊은 감사를 표하며...	Siempre agradece y expresa tu gratitud por el esfuerzo del maestro...
358	아래의 도표에 적합한 날짜를 기입해 주시면 모든 분들이 다 참석할 수 있는 날을 정하겠습니다.	Si nos hace el favor de llenar la tabla de abajo con los días en los que pueda, fijaremos un día en el que todos puedan asistir.
359	시청 앞에는 큰 주차장이 있다.	Hay un gran estacionamiento en frente del ayuntamiento.
360	이 안경은 누구 것이지?	¿De quién son estas gafas?
361	톰은 마침내 일자리를 구했다.	Tom finalmente consiguió trabajo.
362	우리는 전 세계의 우표를 모은다.	Coleccionamos estampillas de todo el mundo.
363	난민들은 여러 교회 기구로부터 지원을 받는다.	Los refugiados han recibido apoyo de varias organizaciones religiosas.
364	법원은 그녀에세 6개월의 징역에 집행유예를 선고하였다.	El tribunal la condenó a seis meses de libertad condicional.
365	살인자는 종신형을 선고받았다.	El asesino fue condenado a cadena perpetua.
366	그 편지는 무엇에 관한 것입니까?	¿De qué se trata esa carta?
367	그 편지는 무엇에 관한 것입니까?	¿De qué se trata la carta?
368	가장 가까운 지하철역이 어딥니까?	¿Dónde está la estación de metro más cercana?
369	이 제품은 이탈리아에서 말들어졌다.	Este producto fue hecho en Italia.
370	왜 나를 따라오세요?	¿Por qué me sigue usted?
371	그 여자는 무엇을 원해요?	¿Esa mujer qué quiere?
372	수잔의 음식 솜씨가 훌륭하다.	La habilidad de cocina de Susan es muy alta.
373	나는 요코하마에 살고 있다.	Estoy viviendo en Yokohama.
374	저도 모르겠어요.	Yo tampoco sé.
375	왜 거짓말을 해요?	¿Por qué mientes?
376	하지마!	¡No lo hagas!
377	실험은 실패했다.	El experimento ha fallado.
378	해적들은 항복할 수 밖에 없었다.	Los piratas no pudieron más que rendirse.
379	하느님이 천지를 창조하셨다.	Dios creó el cielo y la tierra.
380	연필이 필요하면 제가 빌려줄게요.	Si ocupas un lápiz, te presto uno.
381	그는 가지 않기로 결정했다.	Él decidió no ir.
382	의사는 그녀에게 집에 있으라고 조언했다.	El médico le aconsejó que se quedara en casa.
383	신발끈을 묶으세요.	Atate el cordón del zapato.
384	누가 제 차를 훔처갔어요. 제가 주차한곳에 없어요.	Alguien se robó mi carro. No está donde lo estacioné.
385	커피 한 잔?	¿Una taza de café?
386	출발은 몇 시에 합니까?	¿A qué hora parte?
387	출발은 몇 시에 합니까?	¿A qué hora partiremos?
388	이 작은 섬이 시야에 들어왔다.	Esta pequeña isla entró a la vista.
389	그는 한 가지 언어만 말할 수 있다.	Él solo puede hablar un idioma.
390	이건 저의 컴퓨터예요.	Esta es mi computadora.
391	일본요리 식당으로 갑시다.	Vayamos a un restaurante japonés.
392	어젯밤에 난 라디오를 듣고 있었다.	Anoche estuve escuchando la radio.
393	나는 이것이 어디에서 왔는지 모른다.	Yo no sé de dónde vino esto.
394	그는 결코 행복하지 않았다.	Él jamás fue feliz.
395	생일 축하해요 Muiriel!	¡Feliz cumpleaños, Muiriel!
396	시간 있는지 잘 모르겠다.	No sé si tengo tiempo.
397	시간 있는지 잘 모르겠습니다.	No sé si tengo tiempo.
398	"작고 횐색 토끼는 '왠 일 있니?"" 물어봤어요."	—¿Qué pasa? —preguntó el pequeño conejo blanco.
399	너 참 예쁜 아이구나	Eres una chica linda.
400	"작고 횐색 토끼는 '무슨 일 있니?"" 라고 물어봤다."	—¿Qué pasa? —preguntó el pequeño conejo blanco.
401	오늘의 날씨가 어제보다 더 아름답다.	El tiempo es más agradable hoy que ayer.
402	오늘의 날씨가 어제보다 더 아름다워요.	El tiempo es más agradable hoy que ayer.
403	오늘의 날씨가 어제보다 더 아름다워.	El tiempo es más agradable hoy que ayer.
404	그는 의사가 아니라, 박사다.	Él no es doctor, es doctorado.
405	정말 서운해.	Estoy realmente apenado.
406	정말 섭섭해.	Estoy realmente afligido.
407	빨리 갔다 올게.	Voy y vengo rápido.
408	오늘 날씨가 어제보다 더 좋다.	El tiempo es mejor hoy que ayer.
409	저한테 신경 쓰지마세요	No se preocupe por mí.
410	나한테 신경 쓰지마	No te preocupes por mí.
411	아이에게 이치를 말해도 소용없다	Es inútil razonar con un niño.
412	네 혈액형이 뭐지?	¿Cuál es tu tipo de sangre?
413	꿈자리가 사나워 잠을 설쳤다	No pude dormir bien por el sueño feroz que tuve.
414	그는 학교 공부가 좀 처진다.	Se queda un poco atrás en sus estudios escolares.
415	기쁨은 나누면 배가 되고 슬픔은 나누면 반이 된다.	Alegría compartida se vuelve doble, penas compartidas se vuelven la mitad.
416	세상 참 좁네요!	¡Qué pequeño es el mundo!
417	개같이 벌어서 정승같이 쓴다	Lo que se guarda apretado es lo más utilizado.
418	개 눈에는 똥만 보인다	A través de sus ojos sólo se ve popó.
419	배보다 배꼽이 크다.	El ombligo está más grande que la barriga.
420	고양이가 발톱을 감춘다.	El gato esconde sus uñas.
421	바보같이 굴지 말고 실속을 차려라.	No seas tonto, mejórate.
422	그는 그 고아를 양자로 삼았다.	Él adoptó a ese huérfano.
423	눈썰미가 있구나.	¡Qué bien aprendes visualmente!
424	그녀에 대한 제 사랑이 진실합니다	Mi amor por ella es verdadero.
425	고생하셨어요.	Se ha esforzado mucho.
426	장가들었느냐?	¿Se casaron?
427	여자들은 대부분 화려한 결혼식을 꿈꿔.	La mayoría de las mujeres sueñan con una boda espléndida.
428	일이 이렇게 많으니 밤새우게 생겼네요.	Como tengo tanto trabajo, me tardaré toda la noche.
429	요즘은 인터넷만 뒤지면 모든 정보와 지식와 호수 그 바다에 풍덩 빠질 수 있을 수 정도로 그런 시대예요.	Estamos en una época, que cuando uno entra al internet, todo lago de información y sabiduría puede caer plaf en el mar.
430	그는 경험이 있는 선생님이에요.	Él es maestro con experiencia.
431	남남북녀.	Hombre sureño, mujer norteña.
432	지금은 바빠서 못 가.	No puedo ir porque estoy ocupado.
433	그만하면 그에게 흡족하게 해 준 거다.	Ya has hecho lo suficiente por él.
434	별일 없으세요?	¿No tiene usted algo importante que hacer?
435	이제는 일이 손에 어느 정도 익었어요.	Ya estoy algo acostumbrado al trabajo.
436	서울의 거리는 대부분 깨끗합니다.	La mayoría de las calles de Seúl están limpias.
437	그건 내가 할 소리야.	Dije que lo iba a hacer.
438	진수 씨가 저를 도와주신 것을 감사하는 뜻으로 저녁에 초대하려고 해요.	Intentaré invitar a Jinsu a cenar como agradecimiento de haberme ayudado.
439	엄마 설겆이 하시나 봐.	Parece que mamá está lavando los platos.
440	수면 부족이 점차 건강에 영향을 미친다.	La falta de sueño poco a poquito alcanza a afectar la salud.
441	수아 씨, 요즘 요가 하신다더니 정말 날씬해지셨네요.	Señorita Súa, ¡adelgazó bastante haciendo yoga estos días!
442	요즘 여행 준비하느라 아주 바쁘시지요?	Ahora se encuentra usted ocupado estos días por andar preparándose para el viaje, ¿no?
443	오해 하지 마세요.	No me malentienda.
444	니 맘대로 하세요.	Haz lo que te dé la gana.
445	내 여자친구가 되어줄래?	¿Serías mi novia?
446	내 남자친구가 되어줄래?	¿Serías mi novio?
447	우린 서로 첫눈에 반했어요.	Fue amor a primera vista.
448	당신에게 반했습니다.	Estoy loco por ti.
449	우린 천생연분이야.	Somos almas gemelas.
450	사랑합니다.	Te quiero.
451	사랑합니다.	Te amo.
452	소파와 안락의자가 저기 있어요.	Allá están el sofá y el sillón.
453	그는 그의 안경을 안 가지고 왔어요.	Él no trajo sus lentes.
454	그들은 자러 가고 싶지 않았어요.	No se querían ir a dormir.
455	저는 수상스키를 타고 싶어요.	Quiero hacer esquí acuático.
456	저는 피곤해서 가요.	Estoy cansado, así que me voy.
457	우리는 아침식사를 하고 싶어요.	Nosotros queremos desayunar.
458	제가 양상추를 씻을까요?	¿Debería lavar la lechuga?
459	언제 전화할 거예요?	¿Cuándo vas a llamar?
460	극장 가는 걸 좋아해요?	Te gusta ir al teatro?
461	저희 손님들은 흥미로운 사람들이었어요.	Nuestros invitados fueron gente muy interesante.
462	밤에 혼자 산책하는 것은 위험해요?	¿Es peligroso pasear solo por la noche?
463	고릴라하고 얼룩말은 어디 있어요?	¿Dónde están los gorilas y las cebras?
464	저 여자아이의 부모님이 누구세요?	¿Quiénes son los padres de aquella niña?
465	저는 예순 살이 되자마자 일을 그만둘 거예요.	Voy a dejar de trabajar en cuanto cumpla sesenta años.
466	밴드는 아주 잘 연주해요.	La banda toca muy bien.
467	그의 열쇠가 어디 있는지 알아요?	¿Sabes en dónde están sus llaves?
468	그분은 의사가 아닙니다.	Él no es médico.
469	그분은 제 친구입니다.	Él es mi amigo.
470	그분은 제 친구입니다.	Ella es mi amiga.
471	너무 까다롭게 고르면 아무것도 못 받는다.	Si escoges demasiado meticulosamente, no recibirás nada.
472	너 언제 론돈에서 돌아 왔어죠?	¿Y cuándo fue que regresaste de Londres?
473	모두 미아를 찾아 봤다.	Todos buscaron al niño extraviado.
474	할아버지가 팔십 구 세 돼셨어요.	El abuelo cumplió ochenta y nueve años.
475	할아버지가 팔십 구 세 돼셨어요.	Mi abuelo cumplió ochenta y nueve años.
476	삶의 경험은 중요한 지식체계이다.	La experiencia de la vida es un cuerpo importante del conocimiento.
477	톰이 누구에요?	¿Quién es Tom?
478	곧 여기에서 사는 것에 적응될 거예요.	Pronto te acostumbrarás a vivir aquí.
479	당신이 원한다면 나는 돈을 어느정도 빌려줄 수 있어요.	Puedo prestarte algo de dinero si quieres.
480	아직도 당신은 인간관계에 대해 많이 배워야 해요.	Aún debes aprender mucho sobre relaciones.
481	언제 시작할 생각이에요?	¿Cuándo pretendes empezar?
482	여기 브라질에서 전시되기 위해서 이 예술 작품들이 바다를 건너 왔어요.	Las obras de arte cruzaron el océano para ser exhibidas acá en Brasil.
483	그는 꽤 젊었을 때부터 대머리가 되기 시작했다.	Empezó a quedarse calvo siendo bastante joven.
484	그녀는 하나의 결점만 없었다면 완벽했을 것이다.	Para ser perfecta sólo le faltaba un defecto.
485	톰은 메리 생각 하느라 시간을 다 보낸다.	Tom pasa todo su tiempo pensando en Mary.
486	당신은 삼일전에 일을 끝냈다고 말했다.	Usted le dijo que había terminado el trabajo tres días atrás.
487	마유코는 내 사과를 한 입 베어물었다.	Mayuko le dio una mascada a mi manzana.
488	나는 아기를 깨우지 않으려고 문을 살며시 닫았다.	Cerré suavemente la puerta para no despertar al bebé.
489	돼지들은 악취가 나지만, 후각이 아주 좋다.	Los cerdos huelen mal, pero tienen muy buen olfato.
490	기다릴 수 밖에 없다.	Sólo puedo esperar.
491	공부할 방이 없다.	No tiene cuarto para estudiar.
492	그는 자기 아내에게 늘 진실했었다고 한다.	Dice que siempre le ha sido fiel a su esposa.
493	그의 비위를 맞추기가 너무 힘들다.	Es difícil complacerle.
494	도쿄와 모스크바 간을 오가는 항공편이 있다.	Hay un vuelo entre Tokio y Moscú.
495	케이트는 잃어버렸던 손목시계를 찾았다.	Kate encontró el reloj que había perdido.
496	너무 엄격하게 굴지마라. 그냥 아이들일 뿐이다.	No seas tan estricto. Solo son niños.
497	어제 몇명이서 동물원에 갔어요?	¿Cuánta gente vino al zoológico ayer?
498	그는 방 한쪽에서 다른 쪽으로 갔었다.	Él iba de un lado para otro en la habitación.
499	그녀는 그에게 행복하냐고 물었다.	Ella le preguntó si era feliz.
500	너는 나랑 여기 같이 있으니 안전하다.	Estás seguro aquí conmigo.
501	트위터의 슬로건은 '당신이 사는 세상에서 지금 무슨 일이 일어나고 있는지 알 수 있는 가장 좋은 방법'이다.	"El eslogan de Twitter es ""La mejor manera de descubrir qué hay de nuevo en tu mundo""."
502	그는 해군이 되었다.	Él se hizo marinero.
503	그들이 말하는 남자는 죽은지 오래 됐는데.	El hombre del que están hablando lleva mucho tiempo muerto.
504	저는 학교에서 나와틀어를 배워요. 멕시코 사람이에요.	Aprendo el náhuatl en mi escuela. Soy mexicano.
505	봄에 피는 꽃은 여러 가지가 있습니다.	En primavera hay una gran variedad de flores nacientes.
506	올해도 잘 부탁합니다.	Este año también, sea benigno conmigo.
507	올해도 잘 부탁합니다.	Este año también, se lo encargo mucho.
508	올해도 잘 부탁합니다.	Este año también, estoy para servirle.
509	그는 사과를 가득 채운 봉지를 들고 있었다.	Él cargaba una bolsa llena de manzanas.
510	책은 어딘가 다른 곳에 있기를 원하는 사람들을 위한 것이다.	Los libros son para la gente que desearía estar en otro lugar.
511	나는 해야할 것을 할 것이다.	Haré lo que tenga que hacer.
512	그녀는 목표에 도달하기 위해 노력했다.	Ella se esforzó en alcanzar su meta.
513	수염 없는 키스는 소금 없는 국과 같다.	Un beso sin bigote es como una sopa sin sal.
514	좋은 생각을 가지고 있네요.	Ha tenido usted una gran idea.
515	제 사촌은 기자예요.	Mi prima es periodista.
516	교토에서 오는 기차는 몇 시에 도착하나요?	¿A qué hora llegará el tren de Kioto?
517	나는 모든 질문들에 대답할 수 있었다.	Pude responder todas las preguntas.
518	전화번호 좀 줄래요?	¿Me da su número de teléfono?
519	톰은 다리에 쥐가 났다.	A Tom le dio un calambre en la pierna.
520	토미는 그 마지막 질문에 대답할 수 없었다.	Tommy no pudo responder a la última pregunta.
521	홀은 일본 그림들로 장식되어 있었다.	La sala estaba decorada con pinturas japonesas.
522	거기에 한번 있었던 적이 있어.	Estuve allá una vez.
523	메리는 개를 무서워한다.	Merry le tiene miedo a los perros.
524	다행히도 너무 심해지기 전에 불이 꺼졌다.	Afortunadamente, el fuego fue apagado antes de que fuera demasiado grave.
525	그들은 톰 없이는 계속할 수 없다.	Ellas no pueden continuar sin Tom.
526	어제 그는 아무 것도 안 먹었다.	Ayer no comió nada.
527	하지만, 적절하지 못한 순간이었다.	Sin embargo, el momento no fue muy oportuno.
528	나는 더이상 무시당하는 것을 참지 않겠다.	Me rehúso a seguir siendo ignorado.
529	그들은 자신을 싫어했다.	Se odiaban a sí mismos.
530	그는 바람을 피웠다.	Él me puso los cuernos.
531	그들은 서로 싫어했다.	Ellos se odiaban.
532	그는 여기로 오는 중에 길을 잃었다.	Él se perdió cuando se dirigía hacia aquí.
533	어느날 빠블로는 과테말라의 정글 속에서 길을 잃었다.	Un día Pablo se perdió en la selva de Guatemala.
534	새가 날아가 버리고 시야에서 사라졌다.	El pájaro se fue volando y se perdió de vista.
535	그는 생각에 잠겼다.	Se perdió en sus propios pensamientos.
536	저번에 잃어버린 시계는 새 거였다.	El reloj que se me perdió el otro día era nuevo.
537	겨울에 이 모자를 쓰고 다녀야 될 것 같아.	Parece que tendré que ponerme este sombrero en invierno.
538	미국 성인은 약 65퍼센트가 비만이고 그건 그들의 건강에 좋지 않다.	Aproximadamente el 65% de los adultos estadounidenses tienen sobrepeso, lo cual no es bueno para su salud.
539	내일 널 만나고 싶어.	Quisiera verte mañana.
540	엘리자베스가 알리스터를 냉혹하게 죽였다.	Elizabeth mató a Alister a sangre fría.
541	무료로 받을 수도 있어.	Podrías recibirlo gratis.
542	그녀가 케이크를 여섯 조각으로 잘라서 애들에게 한조각씩 줬다.	Ella cortó la tarta en seis trozos y dio uno a cada niño.
543	아버지의 사망을 알리는 전화를 받았을 때 나는 완전히 당황했다.	Cuando recibí la llamada informándome de la muerte de mi padre, estaba completamente aturdido.
544	그들은 너무 피곤하여 산을 오를 수 없었다.	Ellos estaban muy cansados para escalar la montaña.
545	그녀가 마음을 바꿀 것 같다.	Parece que ella podría cambiar de opinión.
546	내가 갖고 있는 게 어쩌면 네가 원하는 것일 수도 있어.	Creo que tengo algo que puede que quieras.
547	그것의 긍정적인 면을 보자.	Veamos el lado positivo.
548	그는 그림에 재능이 있었다.	Él tenía talento para la pintura.
549	그에 대해서 뭘 알아?	¿Qué sabes sobre él?
550	슬퍼하는 여자가 친구들에게서 위안을 받았다.	La mujer, hundida en la tristeza, fue consolada por sus amigos.
551	톰이 언제 여기 왔지?	¿Cuándo llegó Tom aquí?
552	나에겐 경치 좋은 산이 보이는 방이 있었다.	Tenía una habitación con una hermosa vista de las montañas.
553	나는 내가 몇살인지 모르겠다.	No sé qué edad tengo.
554	그는 이웃주민의 행운을 부러워했다.	Ella tenía envidia de la buena fortuna de su vecino.
555	더 이상 경제적이지 않아서 여객선 운항을 멈췄다.	Cerraron el servicio de ferry porque ya no era económico.
556	언젠가 아이들은 다 둥지를 떠난다.	Todos los hijos abandonan el nido algún día.
557	그 남자는 많은 대출업자에게서 돈을 빌리는 사람이다.	Ese hombre es una persona que pide prestado dinero de muchos prestamistas.
558	너는 아빠랑 똑같다.	Eres exactamente como tu padre.
559	너는 아빠랑 똑같다.	Eres clavadito a tu padre.
560	너는 아빠랑 똑같다.	Eres igual a tu padre.
561	그걸 다시 보고 싶다.	Quiero volver a verlo.
562	그를 다시 보고 싶다.	Quiero volver a verlo.
563	너는 걔처럼 빨리 수영할 수 있어?	¿Puedes nadar tan rápido como él?
564	너가 파티에서 입을 것을 사자.	Vamos a comprar algo para que te pongas para la fiesta.
565	이 기사를 읽는것만으로도 그 사고가 얼마나 심각했는지 알 수 있다.	Sólo tienes que leer este artículo para ver qué tan grave fue el accidente.
566	파티 막바지에 그는 아직도 병원에 대해서 뭔가 중얼거리고 있었는데 얼음 조각에 미끄러 넘어져 왼쪽다리를 부러졌다.	Todavía estaba murmurando algo acerca de hospitales al final de la fiesta cuando se resbaló sobre un trozo de hielo y se rompió la pierna izquierda.
567	나는 비타민C 섭취를 위해 신선한 레몬을 먹었다.	Me comí un limón fresco por la vitamina C.
568	나는 네가 진실을 말하는걸 안다.	Sé que dices la verdad.
569	메세지 전해 드릴께요.	Puedo tomar un recado.
570	답장을 아직도 못 받아서 혹시 내 우편물이 너한테 배달되지 않은 건지 궁금했다.	Como no he recibido una respuesta, me preguntaba si tal vez mi correo nunca se te entregó.
571	그가 재능있는 예술가인 것은 확실하다.	Está claro que él es un gran artista.
572	나는 호수에 스케이트를 타러 갔다.	Fui a patinar al lago.
573	난 말하다가 목이 쉬었다.	Yo hablé hasta quedar ronco.
574	그 회사가 작년에 십억엔의 손실을 보았다.	La compañía sufrió una pérdida de mil millones de yen el año pasado.
575	사회가 변화하고 있다.	La sociedad está cambiando.
576	어른들을 존경해야한다.	Tienes que respetar a tus mayores.
577	댐 밑에 물방앗간이 있었다.	Había un molino de agua debajo de la presa.
578	아이들이 자전거를 타고 있다.	Los niños están andando en sus bicicletas.
579	한국에는 무슨 일로 오셨습니까?	¿A qué viene usted a Corea?
580	한국에 처음 오셨습니까?	¿Es la primera vez que vienes a Corea?
581	내 비밀은 이런 거야. 매우 간단한 거지. 오로지 마음으로 보아야만 정확하게 볼 수 있다는 거야. 가장 중요한 것은 눈에는 보이지 않는 법이야.	Este es mi secreto. Es algo bastante simple. Solamente viendo por el corazón se puede ver correctamente. Lo más importante es lo que no se ve con los ojos.
582	이번 주는 운전연습을 하느라고 바빠요.	Esta semana, estoy ocupado practicando a manejar.
583	이 세상의 교육이 실망스러워.	La educación en este mundo me decepciona.
584	나는 남자를 봐요.	Veo a un hombre.
585	맛있게 드세요!	¡Buen provecho!
586	호랑이도 제 말하면 온다.	Hablando del rey de Roma.
587	Kaisha를 영어로 어떻게 말해요?	"¿Cómo se dice ""kaisha"" en inglés?"
588	손바닥으로 하늘을 가리려한다.	Es tratar de tapar el cielo con la palma de la mano.
589	가계야치요.	Está llena de gallinas y faisanes salvajes tu casa.
590	가계야치요.	Aprecias más lo que tiene otro y descuidas lo que tienes en casa.
591	난 전라 배고프다.	Tengo un chingo de hambre.
592	無隻 잘산다.	Sin energías vengativas se vive bien.
593	그 남자는 작은 목소리로 말했다.	Ese hombre habló con voz baja.
594	가져도 될까요?	¿Está bien si me lo llevo?
595	그래서 나는 프랑스에 오래 머무르고 싶고, 그러기 위한 돈이 필요하다.	Por eso es que quiero quedarme mucho tiempo en Francia y necesito dinero para ello.
596	톰이 원한다면, 내 비디오 카메라를 쓸 수 있다.	Tom puede usar mi cámara de vídeo si quiere.
597	난 재미없는 사람이야.	Soy aburrido.
598	난 지루해.	Estoy aburrido.
599	그 노란색 장난감은 작다.	El juguete amarillo es pequeño.
600	난 6시 반에 돌아올 거야.	Volveré a las seis y media.
601	우리 엄마는 그렇게 열심히 공부하지 말래.	Mi madre me dice que no estudie tan arduamente.
602	그 일은 내일까지 기다려도 돼?	¿Puede esperar hasta mañana?
603	그 일은 내일 해도 돼?	¿Podemos hacerlo mañana?
604	그 일은 내일 해도 돼?	¿Podemos dejarlo para mañana?
605	우리에게 필요한 것이 무엇인지 하나님께서는 아신다.	Dios sabe qué es lo que necesitamos.
606	난 거의 죽을 뻔 했다.	Casi me muero.
607	그는 아무도 그의 안락의자에 못 앉게 할 것이다.	No dejará que nadie se siente en su sillón.
608	내 시계는 네 것과 다르다.	Mi reloj es distinto al tuyo.
609	이런 일에 시간을 낭비하고 싶지 않다.	No quiero desperdiciar mi tiempo en esto.
610	20세기 동안 아프가니스탄이랑 이란은 국가를 여러 번 바꿨다.	Afganistán e Irán cambiaron sus himnos nacionales varias veces en el transcurso del siglo XX.
611	믿는 사람한테 귀신은 실제다.	Los fantasmas son reales para aquellos que creen en ellos.
612	저번달에 그들은 미국에 갔다.	Se fueron a Estados Unidos el mes pasado.
613	식전 요리에는 음료가 제공됩니다.	La entrada incluye una bebida.
614	아침에 무슨 일이 있었니?	¿Qué pasó esta mañana?
615	우리 언니는 날마다 피아노를 친다.	Mi hermana toca el piano cada día.
616	우리 누나는 날마다 피아노를 친다.	Mi hermana toca el piano cada día.
617	우리 여동생은 날마다 피아노를 친다.	Mi hermana toca el piano cada día.
618	그가 충격에서 벗어나는 데는 몇 주 걸렸다.	Tardó varias semanas para recuperarse del choque.
619	톰이 나한테 봉투를 내 생일 때까지 열지 말래.	Tom me dijo que no abriera el sobre hasta mi cumpleaños.
620	어느 걸 사면 좋을 지 몰랐다.	No sabía cuál debía comprar.
621	난 밤새도록 울었다.	Lloré toda la noche.
622	밧줄을 자르기 위한 칼이 필요하다.	Necesito un cuchillo para cortar la cuerda.
623	저는 추가 의견이 있어요.	Tengo un comentario.
624	저는 논평할 말이 있어요.	Tengo un comentario.
625	껌이다.	Es pan comido.
626	시내가 한눈에 보이다.	Se ve toda la ciudad de un vistazo.
627	어떻게 말해요?	¿Cómo se dice?
628	문장에 틀렸거나 어색하다면 꼭 고쳐주시기 바랍니다!	Si hay errores o construcciones extrañas en las oraciones, les pedimos que por favor las corrijan.
629	우리 가족과 함께 즐거운 휴가를 보내고 차 타고 멕시코 전역을 돌아다녔습니다.	Pasé unas maravillosas vacaciones junto con mi familia paseando por todo México en carro.
630	지나간 각 도시의 아름다운 풍경이 볼만 했다.	Valió la pena ver los hermosos paisajes de cada ciudad que pasamos.
631	포포카테페틀 산과 이스타시와틀 산 그리고 성당, 식민건축물, 여러 박물관이 잘 보였기 때문에 도착하자 마자 뿌에블라의 풍경이 얼마나 아름다운지 알 수 있었습니다.	En cuanto llegamos a Puebla se veían los volcanes Popocatépetl e Iztaccíhuatl, las iglesias, los edificios coloniales y varios museos y nos dimos cuenta de cuán maravilloso era su paisaje.
632	다음 날에는 나가지 않고 칙나와판 온천에 가서 거의 하루종일 수영을 했고, 너무 재미 있고 유익한 경험이었습니다.	El siguente día no salimos y pasamos casi todo el día en las aguas termales de Chignahuapan; fue una experiencia única y muy divertida.
633	휴가 마지막 무렵에는 쫌 향수를 느꼈지만 집에 돌아가는 것도 기대했다.	A fines de las vacaciones sentí un poco de nostalgia, pero también estaba emocionado por regresar a casa.
634	해가 질 무렵 높은 데 올라가서 태양이 천천히 내려가는 것을 보고, 따라서 밤의 광장에 놀러갔다.	Al atardecer, subimos a un lugar alto y vimos el sol ponerse lentamente y a continuación fuimos al zócalo de noche.
635	설마 일이 이렇게 될 줄이야.	¿Cómo pudo haber pasado esto?
636	설마 일이 이렇게 될 줄이야.	No puedo creer que haya pasado esto.
637	당근이지.	Naturalmente.
638	이젠 끝장이야!	¡Estoy muerto!
639	제멋에 겨워 밥도 안벅고 날밤을 샌다.	Está tan inmerso en lo suyo que ni come y pasa toda la noche sin dormir.
640	아까 한 말 취소야.	Olvida lo que acabo de decir.
641	맛있긴 뭐가 맛있어?	¿Qué tiene de sabroso?
642	이젠 어쩔 셈이야?	¿Y ahora qué?
643	조심해!	¡Ten cuidado!
644	이 짓이 지겨워 죽겠어.	Esta onda me tiene hasta la madre.
645	모두들 잃어버린 아이를 찾아 보았다.	Todos buscaron al niño extraviado.
646	우리는 집에 가는 중입니다.	Estamos yendo a casa.
647	또한 프랑스의 분위기를 느끼고 싶다.	Y también quiero sentir el ambiente de Francia.
648	왜 그렇게 서둘러?	¿Cuál es la prisa?
649	니 똥 굵다.	Tú mandas.
650	니 똥 굵다.	Tu popó es gruesa.
651	뭐하고 살았냐?	¿Cómo la pasaste?
652	그리스인들은 기원전 7세기에 이탈리아 반도를 발견했다.	Los griegos descubrieron la península italiana en el siglo VII antes de Cristo.
653	나는 행복한 삶을 살고 싶어요.	Yo quiero vivir una vida feliz.
654	보통 영화를 볼 때 팝콘이랑 코카콜라를 먹는데 이번엔 사탕을 먹으려해.	Normalmente como palomitas y tomo Coca cuando veo una película, pero esta vez voy a comer dulces.
655	영화가 나빠도 친구랑 같이 있으니 즐거울 테지.	Aunque esté mala la película, la pasaré bien porque estoy con amigos.
656	인터넷에 의하면 대단히 흥미로울 것 같아.	Según el internet, será muy interesante.
657	영화에서 뭐가 일어나는지는 모르겠지만 친구들이 재미 있대.	No sé qué pase en la película, pero mis amigos dicen que es divertida.
658	다음 주말에 영화관에서 디버전트란 액션 영화를 자막 없이 볼거다.	El próximo fin de semana voy a ver la película de acción 'Divergente' sin subtítulos.
659	나중에 친구랑 같이 영화 보러 갈거다.	Después voy a ir a ver una película con un amigo.
660	쇼핑하기 참 싫지만 힘을 내야겠다!	La neta no me gusta ir de compras, pero ¡tendré que aguantar!
661	곧 사촌의 결혼식이 있어서, 내일 아침에 난 엄마랑 누나랑 같이 웨딩드레스를 사러 가야 돼.	Mañana tengo que salir a comprar un vestido de bodas con mi mamá y hermana ya que pronto será la boda de mi prima.
662	오랫동안 컴퓨터를 하니까 못 자겠다.	Estando en la computadora por tanto tiempo, no creo poder dormir.
663	빨리 스페인어가 늘었으면 좋겠네.	Quiero mejorar mi español rápido.
664	빨리 스페인어가 늘었으면 좋겠네.	¡Qué bueno sería si mi español mejorara rápido!
665	기분이 하루종일 좋았다.	Me sentí bien todo el día.
666	새 급우도 있고 선생님은 아주 재미있고 머리 좋은 사람이다.	Tengo nuevos compañeros y mi maestro es una persona muy lista y divertida.
667	오늘 새로운 수업을 들었는데 저번 수업과 같은 수준으로 들을 수 있다.	Hoy pude tomar una clase nueva al mismo nivel que mi clase anterior.
668	3달전에 학생이 너무 적어서 수업이 없어졌던 거다.	Se canceló la clase hace 3 meses por falta de alumnos.
669	오늘 스페인어 수업을 다시 받게 돼서 너무 기쁜데.	Estoy muy contento hoy de haber podido volver a tomar clases de español.
670	일과를 마칠 때 즈음, 저녁을 만들어 먹고 기타를 쳤다.	Después de terminar mis deberes del día, preparé cena, comí y toqué la guitarra.
671	숙제도 했고 일도 했고 집에 돌아가서 그 다음에 또 도서관에 숙제하러 갔다.	Hice tarea, trabajé y después de haber regresado a casa volví a la biblioteca para terminar la tarea.
672	주말이 너무 바쁠 테니까 보충해 둘 잠이 필요했다.	Como estaré muy ocupado el fin de semana, necesito dormir extra.
673	오랜만에 늦게까지 잤는데.	Hacía mucho que no dormía hasta tarde.
674	휴가를 4주일 보낸 후에 말하기와 쓰기를 유창하게 하지 못하고, 더 많은 연습이 필요하다.	Después de 4 semanas de vacaciones no puedo hablar con fluidez, necesito practicar mucho más.
675	방과 후 음식 찌꺼기 처리기를 바꾸기 위해 수리공을 불렀어.	Después de clases tuve que llamar al reparador para cambiar el triturador de basura.
676	너 바보 아냐!	¡Si serás idiota!
677	나는 임신 4개월이다.	Estoy embarazada de cuatro meses.
678	다음은 누구 차례지?	¿Quién sigue?
679	다음 분 오세요.	El siguiente, por favor.
680	완전 말도 안돼!	¡Eso es totalmente absurdo!
681	1, 3, 5는 홀수이다.	Uno, tres y cinco son números nones.
682	2, 4, 6 등은 짝수이다.	Dos, cuatro, seis, etc. son números pares.
683	카드 돼요?	¿Puedo pagar con tarjeta de crédito?
684	없다.	No hay.
685	축하합니다!	¡Felicidades!
686	5 더하기 3는 8이다.	Cinco más tres es ocho.
687	이 책은 누구 것이지?	¿De quién es este libro?
688	이것은 누구의 책입니까?	¿De quién es este libro?
689	물 좀 가져다 드릴까요?	¿Le traigo un poco de agua?
690	필기구 좀 주시겠습니까?	¿Me daría algo con qué escribir?
691	조금만 주시겠습니까?	¿Me daría un poquito?
692	그것 좀 주시겠습니까?	¿Me pasaría eso ahí?
693	예를 들어 주시겠습니까?	¿Me daría un ejemplo?
694	잠깐만 기다려 주세요.	Espere un momento.
695	종이 한 장만 주시겠습니까?	¿Me daría una hoja de papel?
696	나는 산에 가길 원합니다.	Quiero ir a la montaña.
697	나는 잘 거다.	Voy a dormir.
698	네?	¿Qué?
699	뭐?	¿Qué?
700	왜?	¿Por qué?
701	드세요!	¡Cómalo!
702	잡수세요!	¡Cómalo!
703	먹었어요.	Comí.
704	오해하지 마세요.	No me malentienda.
705	그냥 악몽이었어.	Solo fue una pesadilla.
706	타토에바는 SNS가 아닙니다.	Tatoeba no es una red social.
707	일은 어때?	¿Qué tal el trabajo?
708	톰은 대부분의 흡혈귀와는 달리 관에서 자지 않는다.	Tom no duerme en un ataúd como la mayoría de los vampiros.
709	톰은 대부분의 흡혈귀처럼 관에서 자지 않는다.	Tom no duerme en un ataúd como la mayoría de los vampiros.
710	사랑이 뭐예요?	¿Qué es el amor?
711	끼어 들어서 죄송합니다.	Perdón por meterme.
712	끼어 들어서 죄송합니다.	Perdón por entremeterme.
713	끼어 들어서 죄송합니다.	Perdone la interrupción.
714	방해해서 죄송합니다.	Perdone la interrupción.
715	미안하다고 했잖아요.	Dije que lo lamentaba.
716	미안하다고 했잖아.	Dije que perdón.
717	죄송합니다, 어머니.	Lo lamento, madre.
718	엄마, 미안해요.	Lo siento, mami.
719	늦어서 미안해.	Perdón por llegar tarde.
720	정말 죄송합니다.	De verdad lo lamento.
721	정말 미안해.	De veras lo siento.
722	유감입니다.	Lo lamento.
723	유감입니다.	Qué lástima.
724	죄송합니다.	Lo siento.
725	미안해요.	Lo siento.
726	미안해.	Perdón.
727	너무 걱정하지 마. 잘될거야.	No te preocupes tanto. Saldrá bien.
728	힘내!	¡Ánimo!
729	나도 몰라.	Yo tampoco sé.
730	나도 몰라.	Yo tampoco lo sé.
731	네가 이해가 안돼.	No te entiendo.
732	선생님의 말씀은 이해가 안 됩니다.	No le entiendo.
733	이해가 안돼.	No entiendo.
734	겨울방학은 며칠부터야?	¿Qué día empiezan las vacaciones de invierno?
735	왜 그렇게 생각해?	¿Por qué piensas eso?
736	시험 잘쳐.	Que te vaya bien en el examen.
737	어째서 알고 있는 거야?	¿Cómo es que sabes?
738	불 좀 꺼도 돼?	¿Puedo apagar la luz?
739	불 좀 꺼도 돼?	¿Está bien si apago la luz?
740	전화기 좀 빌려도 돼?	¿Puedo usar tu teléfono?
741	이유를 물어봐도 돼?	¿Se puede preguntar por qué?
742	이유를 물어봐도 돼?	¿Está bien preguntar por qué?
743	이유를 물어봐도 돼?	¿Se vale preguntar por qué?
744	출구는 어디예요?	¿Dónde está la salida?
745	톰한테 답장 왔어?	¿Te llegó la respuesta de Tom?
746	다들 졸리지 않아?	Plebes, ¿no tienen sueño?
747	다들 졸리지 않아?	Chicos, ¿no tenéis sueño?
748	톰은 메리한테 남동생이 있는지 몰랐어.	Tom no sabía que Mary tenía un hermano.
749	생일 축하합니다!	¡Feliz cumpleaños!
750	이것은 DVD이에요.	Esto es un DVD.
751	그거 입어봐도 돼?	¿Puedo probármelo?
752	그거 입어봐도 돼요?	¿Puedo probármelo?
753	제 시간에 오셨네요.	Estás a tiempo.
754	시간맞춰 왔네요.	Estás a tiempo.
755	와, 너 완전 가수같다.	Guau, bien que pareces cantante.
756	이게 와인이야?	¿Esto es vino?
757	이 책을 읽으세요.	Lea este libro.
758	이 책 읽어.	Lee este libro.
759	긴장돼요.	Estoy nervioso.
760	긴장돼요.	Estoy nerviosa.
761	떨려요.	Estoy nervioso.
762	떨려요.	Está temblando.
763	저는 강아지가 정말 좋아요.	A mí me gustan muchísimo los perros.
764	아침식사는 오전 7시에 제공됩니다.	El desayuno se sirve a las siete de la mañana.
765	저도 음악을 좋아합니다.	A mí también me gusta la música.
766	저도 음악이 정말 좋아요.	A mí también me encanta la música.
767	멈춰!	¡Alto!
768	비와?	¿Está lloviendo?
769	그만 해!	¡Ya!
770	서둘러!	¡Date prisa!
771	서둘러!	¡Apurate!
772	뭐 샀어?	¿Qué compraste?
773	춥지 않니?	¿No tienes frío?
774	자고 있어?	¿Estás dormido?
775	와, 눈이다!	Ay, ¡está nevando!
776	넌 내 거야.	Tú eres mío.
777	지금 한가해?	¿Estás libre ahora?
778	신문 어딨어?	¿Dónde está el periódico?
779	뭐에 쓰려고?	¿Para qué lo usarás?
780	이거 톰 꺼야?	¿Esto es de Tom?
781	뭘 보고 있어?	¿Qué estás mirando?
782	벌써 11시야.	Ya son las once.
783	이 노래 알아?	¿Conoces esta canción?
784	여기 자주 와?	¿Vienes aquí seguido?
785	아, 울 것 같아.	Ay, parece que va a llorar.
786	아, 울 것 같아.	Ay, creo que voy a llorar.
787	예약해 놨어.	Hice las reservaciones.
788	예약해 뒀어요.	Hice las reservaciones.
789	터키에 살아요.	Vivo en Turquía.
790	터키에 살아요.	Vive en Turquía.
791	내가 일등이다.	Soy el primer lugar.
792	나 몇 살로 보여?	¿De qué edad me veo?
793	내 열쇠 못봤어?	¿No has visto mis llaves?
794	코트 벗지 그래?	¿Y si te quitas el abrigo?
795	왜 거짓말했어?	¿Por qué mentiste?
796	울지마, 부탁해.	No llores, por favor.
797	의심해서 미안.	Perdóname por dudar.
798	미안, 실수했어.	Perdón, me equivoqué.
799	정말 미안해요.	De verdad lo siento.
800	정말 미안해요.	Lo siento de verdad.
801	내가 도와줄게.	Yo te ayudo.
802	이 국 너무 짜요.	Esta sopa está muy salada.
803	그건 시간 낭비야.	Eso es una pérdida de tiempo.
804	그건 시간 낭비야.	Es una pérdida de tiempo.
805	그녀는 발이 작다.	Ella tiene pies pequeños.
806	조금 춥지 않나요?	¿No tienes un poco de frío?
807	걘 항상 쌀쌀맞아.	Él siempre es muy seco.
808	무슨 얘기 중이야?	¿De qué estás hablando?
809	잃어버린 거 없어?	¿No has olvidado nada?
810	어제 일은 미안해.	Lamento lo de ayer.
811	미안, 잔돈이 없어.	Lo siento, no tengo feria.
812	버스가 다니나요?	¿Hay un autobús que va?
813	포기할 수 없어요.	No se vale rendirse.
814	우린 안에 있어요.	Estamos adentro.
815	우리 안에 들어와 있어.	Estamos adentro.
816	우리 안에 들어와 있어.	Estamos metidos.
817	난 눈이 정말 좋아.	A mí sí que me gusta la nieve.
818	늦어서 죄송합니다.	Disculpe la tardanza.
819	어제 수도가 끊겼다.	Ayer se cortó el agua.
820	점점 추워지고 있다.	Hace cada vez más frío.
821	오늘 저녁밥은 뭐야?	¿Qué hay para cenar esta noche?
822	조금만 더 기다려 줘.	Espera solo un poquito más.
823	오늘은 꽤 쌀쌀한 걸.	Hoy está bastante fresco.
824	지금 이 소리는 뭐지?	¿Qué será ese sonido?
825	너무 무리하지는 마.	No te esfuerces de más.
826	기다리게 해서 미안.	Perdón por hacerte esperar.
827	옷 좀 갈아입고 올게.	Nomás me cambio de ropa y vuelvo.
828	돈 잊지말고 챙겨가.	No olvides llevarte el dinero.
829	어젯밤 일은 미안해.	Lamento lo de anoche.
830	상처줬다면 미안해.	Perdóname si es que te herí.
831	제가 도와드릴게요.	Yo le ayudo.
832	우린 포기할 수 없어.	No nos podemos rendir.
833	몇 번을 반복해야 해?	¿Cuántas veces tengo que repetirlo?
834	이거 정말 기분 좋다.	Esto es tan relajante.
835	이거 정말 기분 좋다.	¡Qué bien se siente esto!
836	책읽는 거 좋아해요.	Me gusta leer libros.
837	나는 열여섯 살입니다.	Tengo dieciséis años.
838	삼성은 큰 회사입니다.	Samsung es una compañía grande.
839	개는 냄새에 민감하다.	Los perros poseen un agudo sentido del olfato.
840	나는 음악듣고 있어. 넌?	Estoy escuchando música. ¿Y tú?
841	반팔인데 춥지 않나요?	Traes manga corta; ¿no tienes frío?
842	나는 영어를 못합니다.	Yo no hablo inglés.
843	나는 영어를 못합니다.	No entiendo inglés.
844	집 칠하는 것을 도와줘!	¡Ayúdame a pintar la casa!
845	저기, 부탁이 있는데요.	Seño, ¿me hace un favor?
846	발음이 나빠서 미안해.	Disculpa la mala pronunciación.
847	무슨 일이 있었던 거야?	Pero ¿qué fue lo que pasó?
848	당신은 나의 것입니다.	Usted es mío.
849	미안하지만, 모르겠어.	Perdón, pero no entiendo.
850	무슨 일인지 얘기해봐.	Cuéntame qué pasa.
851	부끄러워 할 거 없어요.	No hay nada de qué avergonzarse.
852	A와 B의 차이가 뭐예요?	¿Cuál es la diferencia entre A y B?
853	그녀는 임신 8개월이다.	Ella tiene ocho meses de embarazo.
854	짐은 예전의 그가 아니다.	Jim no es lo que solía ser.
855	또 필요없는 걸 사버렸어.	Otra vez compró cosas que no necesitaba.
856	어느 정도 규모의 회사야?	¿De qué tamaño es la compañía?
857	지금 좋아하는 사람 있어?	¿Hay alguien que te guste ahora?
858	난 일어 교사다.	Yo soy profesor de japonés.
859	나는 못 생겼다.	Soy feo.
860	나는 못 생겼다.	Soy fea.
861	최대한 세게 차.	Patea lo más fuerte que puedas.
862	최대한 세게 차세요.	Patee lo más fuerte que pueda.
863	운전 조심하세요.	Conduzca con cuidado.
864	운전 조심하세요.	Maneje con cuidado.
865	안전운전하세요.	Maneje con cuidado.
866	안전운전하세요.	Conduzca con cuidado.
867	이 카메라는 쌉니다.	Esta cámara está barata.
868	좀 더 싸게는 안돼?	¿No me lo dejas más barato?
869	사는 것은 어렵고, 죽는 것은 쉽다.	La vida es dura y la muerte segura.
870	그걸 듣고 안심했어.	Me alivia oír eso.
871	그걸 들으니 안심이 되었어.	Me alivia oír eso.
872	지갑을 잃어버렸어.	Se me perdió la billetera.
873	쓸 수 있어요?	¿Sabes escribir?
874	세계 여성의 날을 축하합니다.	¡Feliz Día Internacional de la Mujer!
875	코가 막혔다.	Tengo la nariz tapada.
876	스포츠는 누구나 좋아한다.	Los deportes a todos les gustan.
877	톰은 사과 심을 쓰레기통에 버렸다.	Tom tiró el corazón de la manzana al bote de basura.
878	빨리 와!	¡Ven rápido!
879	그녀는 그 병을 열 수 없었다.	Ella no podía abrir la botella.
880	가자!	¡Vámonos!
881	가자!	¡Vamos!
882	왜 나야?	¿Por qué yo?
883	너 잠자?	¿Estás dormido?
884	난 몰라.	Yo no sé.
885	자고 있어?	¿Estás durmiendo?
886	축하해!	¡Felicidades!
887	왜 아니야?	¿Por qué no?
888	너 왜 울어?	¿Tú por qué lloras?
889	자고 싶다.	Quiero dormir.
890	잠들었다.	Me dormí.
891	잠들었다.	Se durmió.
892	걔 괜찮아.	Me cae bien.
893	저건 뭐야?	¿Qué es aquello?
894	은행 해요?	¿Está trabajando el banco?
895	창이 열렸다.	La ventana se abrió.
896	나는 몰라요.	Yo no sé.
897	저놈 잡아라!	Atrápalo.
898	저놈 잡아라!	¡Agárralo!
899	저놈 잡아라!	¡Agarren a aquel güey!
900	저는 미국사람 이에요	Soy estadounidense.
901	마시고 싶어요.	Quiero beberlo.
902	마시고 싶어요.	Quiero tomármelo.
903	사랑과 우정 사이에 경계선을 긋는 것은 매우 어려운 일이다.	Es muy difícil dibujar el límite entre amor y amistad.
904	뭐라카노!	¿Pero qué dices?
905	4 곱하기 5는 20이다.	Cuatro veces cinco es veinte.
906	나는 박지성이다.	Yo soy Jiseong Park.
907	그 약은 쓰다.	La medicina sabe amarga.
908	한국말을 공부합니다.	Estudio coreano.
909	네.	Sí.
910	비와.	Llueve.
911	비와.	Está lloviendo.
912	비가 와요.	Está lloviendo.
913	비가 와요.	Llueve.
914	눈이 와요.	Está nevando.
915	공부 해!	¡Estudia!
916	저 고양이가 갈색입니다.	Aquel gato es café.
917	그녀는 자살을 시도했다.	Ella intentó suicidarse.
918	열차는 오후 두시 반에 떠난다.	El tren sale a las dos y media de la tarde.
919	다음 주 발라톤에 갈 거야.	La próxima semana iré al Balaton.
920	나는 그의 장례식에 참석했다.	Asistí a su funeral.
921	우리는 우리가 생각하는 것이다.	Somos lo que pensamos.
922	공부할 방이 없다.	No hay ningún cuarto para estudiar.
923	산책하고 싶어?	¿Te apetece pasear?
924	맥주 하나 더 할래?	¿Te apetece otra cerveza?
925	뭐 먹고 싶어?	¿Qué te apetece comer?
926	딸기가 있는데 너 먹고 싶니?	Tengo fresas, ¿te apetecen?
927	너 산책할래?	¿Te apetece dar un paseo?
928	너 나랑 지금 춤출래?	¿Te apetece bailar conmigo ahora?
929	너 커피 좀 마실래?	¿Te apetece un poco de café?
930	한 바퀴 돌래?	¿Te apetece dar una vuelta?
931	너 산책하고 싶니?	¿Te apetecería dar un paseo?
932	너 어디 가고 싶니?	¿A qué lugar te apetecería ir?
933	운전 조심해.	Maneja con cuidado.
934	오전 내내 공부를 했더니, 지금 피곤하네. 에너지를 보충해야겠어.	He estado estudiando toda la mañana, ahora estoy cansado... necesito energía extra.
935	그가 왜 탁자 밑에 숨어 있지?	¿Por qué se está escondiendo debajo de la mesa?
936	스페인의 아이들은 성탄절이 아니라, 동방 박사의 날에 선물을 받는다.	Los niños españoles no reciben sus regalos el día de Navidad, sino el de los Reyes Magos.
937	이야기를 마저 들어보자.	Escuchemos el resto de la historia.
938	난 이것들이 좋다.	Quiero éstos.
939	누가 읽고 있습니까?	¿Quién lee?
940	그는 큰 책임감을 느낀다.	Él tiene un gran sentido de la responsabilidad.
941	친구는 많을수록 좋아요.	Cuantos más amigos, mejor.
942	뭐해?	¿En qué andas?
943	모르겠어요.	No lo sé.
944	축하해요!	¡Felicidades!
945	톰에겐 아무 문제도 없었다.	A Tom no le pasa nada.
946	그녀가 하는 말을 믿을 수가 없어.	No confío en lo que ella dice.
947	제 이름은 톰입니다.	Mi nombre es Tom.
948	그가 올때 우리는 경기를 시작 할거에요.	Empezaremos el partido cuando llegue.
949	나는 너야.	Soy tú.
950	나는 너야.	Yo soy tú.
951	그는 돈이 없어 보였다.	Parecía que él estaba corto de dinero.
952	요즘 나오는 영화 중에 최악이다.	Esta es la peor película que hay actualmente.
953	소년이 사다리를 잡고 오르기 시작했다.	El chico agarró la escalera y comenzó a subir.
954	나비 빨라.	La mariposa revolotea.
955	몰라.	No sé.
956	안녕! 질 지내?	¡Hola! ¿Cómo estás?
957	응.	Vale.
958	아니.	No.
959	아니!	¡No!
960	잘 자요!	¡Buenas noches!
961	잘 자요.	Buenas noches.
962	왜 안돼?	¿Por qué no?
963	나는 톰이야. 너는?	Yo soy Tom, ¿y tú?
964	나는 톰이야.	Yo soy Tom.
965	나는 인간이야.	Soy un ser humano.
966	나는 인간이야.	Yo soy un ser humano.
967	안녕하세요?	Hola.
968	안녕하세요?	¿Te encuentras bien?
969	왜 우리는 프랑스어를 공부할까요?	¿Por qué estudiamos francés?
970	고마워.	Gracias.
971	고마워!	¡Gracias!
972	안녕!	¡Hola!
973	안녕.	Hola.
974	안녕, 톰.	Hola, Tom.
975	안녕, 톰!	¡Hola, Tom!
976	이 단어는 잘못 번역된 것 같다.	Creo que esta palabra está mal traducida.
977	나는 말을 좋아해.	Me gustan los caballos.
978	한국 사람입니다.	Soy coreano.
979	한국 사람입니다.	Soy coreana.
980	정말 진심이야!	En verdad hablo en serio.
981	우리는 당신의 조언이 필요하다.	Necesitamos tu consejo.
982	난 널 용서한다.	Te perdono.
983	도쿄는 야경이 끝내줘.	La vista nocturna de Tokio es magnífica.
984	그녀는 나를 방해했다.	Ella me interrumpió.
985	나는 아들이 둘 있는데 하나는 도쿄에 있고 다른 하나는 나고야에 있다.	Tengo dos hijos: uno está en Tokio y el otro en Nagoya.
986	일곱 시 반이었다.	Eran las siete y media.
987	스위스는 프랑스와 이탈리아, 오스트리아, 독일 사이에 있다.	Suiza queda entre Francia, Italia, Austria y Alemania.
988	1000 메터는 1 키로메터다	Mil metros son un kilómetro.
989	우리는 여전히 친구사이다.	Todavía somos amigos.
990	타토에바를 통해서 언어를 배울 수 있다.	Usando Tatoeba se pueden aprender idiomas.
991	나는 정교회 신자입니다.	Soy cristiano ortodoxo.
992	나는 정교인입니다.	Soy cristiano ortodoxo.
