5350	뭔가 해보자!	2481	¡Intentemos algo!
5351	자야 합니다.	2482	Tengo que irme a dormir.
5351	자야 합니다.	1351142	Tengo que dormir.
5352	뭐해?	2483	¿Qué estás haciendo?
5353	그것은 무엇입니까?	2484	¿Qué es eso?
5354	오늘은 6월 18일, Muiriel의 생일입니다!	2485	¡Hoy es 18 de junio y es el cumpleaños de Muiriel!
5355	생일 축하해 Muiriel!	2486	¡Feliz cumpleaños, Muiriel!
5356	Muiriel은 지금 20살입니다.	2487	Ahora, Muiriel tiene 20 años.
5356	Muiriel은 지금 20살입니다.	3158397	Muiriel ahora tiene 20 años.
5357	비밀번호는 "Muiriel" 입니다.	2488	La contraseña es "Muiriel".
5358	곧 돌아올께요.	2489	Volveré pronto.
5359	모르겠어요.	376608	No sé.
5360	이건 절대 끝나지 않을거야.	2492	Esto no acabará nunca.
5361	뭐라고 말해야 할지 정말 모르겠어...	2493	Simplemente no sé qué decir...
5362	나는 산에 있었어.	2495	Yo estaba en las montañas.
5363	이 사진 최근 거에요?	2496	¿Es una foto reciente?
5364	시간 있는지 잘 모르겠어요.	2497	No sé si tengo tiempo.
5365	이 세상의 교육이 나를 실망시켜요.	2500	La educación en este mundo me decepciona.
5366	저는 하루에 100유로를 법니다.	2505	Gano 100 € al día.
5367	왜냐하면 당신은 혼자가 되고 싶지 않기 때문이에요.	2507	Eso es porque no quieres estar solo.
5368	보고 싶어.	454574	Te echo de menos.
5369	당신 좀 자야겠어요.	2517	Deberías dormir.
5370	나는 갈 거에요.	378542	Voy a ir.
5371	유감스럽게도 사실이네요.	2526	Desafortunadamente es verdad.
5371	유감스럽게도 사실이네요.	3141954	Lamentablemente es verdad.
5372	정말이에요?	2532	¿Estás seguro?
5373	일어났을 때 슬펐어.	2567	Cuando me desperté estaba triste.
5374	혼자인 사람은 다른 사람들을 두려워하기 때문에 혼자다.	2573	Todas las personas que están solas, están solas porque tienen miedo de los demás.
5375	일본에 갈 수 있었으면 좋겠어요.	2599	Deseo poder ir a Japón.
5375	일본에 갈 수 있었으면 좋겠어요.	3158459	Sería bueno si pudiera ir a Japón.
5376	사람 많은 게 싫어요.	2600	Odio cuando hay mucha gente.
5377	자야겠어요.	2601	Me tengo que ir a la cama.
5378	오늘은 더 이상 물어보지 않겠어요.	2603	No te preguntaré más por hoy.
5379	그가 사과를 했음에도 불구하고, 난 아직 화가 나 있어요.	2605	Aunque él se disculpó, aún estoy enojada.
5379	그가 사과를 했음에도 불구하고, 난 아직 화가 나 있어요.	3159279	Aunque se haya disculpado, sigo estando enojado.
5381	아는분이 없을겁니다.	2626	Nadie sabrá.
5381	아는분이 없을겁니다.	3159260	No habrá ningún conocido.
5382	해결책을 찾았지만 너무 빨리 찾아서 맞는 답이 아닌거 같습니다.	2627	Encontré una solución, pero la encontré tan rápido que no puede ser la correcta.
5382	해결책을 찾았지만 너무 빨리 찾아서 맞는 답이 아닌거 같습니다.	3159300	Encontré una solución, pero la encontré tan rápido que parece no ser la respuesta correcta.
5383	무엇이 문제입니까?	2636	¿Dónde está el problema?
5383	무엇이 문제입니까?	574334	¿Cuál es el problema?
5384	더이상 어떻게 해야할지 모르겠어.	2648	Ya no sé qué hacer.
5384	더이상 어떻게 해야할지 모르겠어.	3159289	Últimamente no se qué es lo que debo hacer.
5385	나는 언젠가는 프랑스에 꼭 가야되는데, 그게 언제인지는 모르겠어.	2649	Es inevitable que yo vaya a Francia algún día, sólo que no sé cuándo.
5386	아무나 할 수 있는 것이 아닙니다.	2663	No es algo que pueda hacer cualquiera.
5387	모두가 너를 만나고 싶어해, 너 유명하네!	2672	Todos quieren conocerte. ¡Eres famoso!
5388	왜 안되는지 설명할려면 시간 너무 많이 걸리겠다.	2699	Me llevaría demasiado tiempo explicarte por qué no va a funcionar.
5389	작고 흰 토끼는 "무슨 일 있니?" 라고 물어봤습니다.	2708	—¿Qué pasa? —preguntó el pequeño conejo blanco.
5390	히로시는 이것 재미 있을 것 같다고 말한다.	2714	—Esto parece muy interesante —dice Hiroshi.
5390	히로시는 이것 재미 있을 것 같다고 말한다.	3240609	Hiroshi dice que esto parece que será interesante.
5391	우리가 가든지 안 가든지는 네가 결정해.	2721	Depende de ti decidir si vamos allí o no.
5392	저는 남은 인생을 그것에 대해 후회하면서 지내고 싶지 않아요.	2783	No quiero pasarme el resto de mi vida arrepintiéndome de ello.
5393	나는 꿈이 있어.	2807	Tengo un sueño.
5394	놀라워 하고, 궁금해 하는 것이 이해의 시작이다.	2811	Sorprenderse, extrañarse, es comenzar a entender.
5395	그러나 우주는 무한하다.	2812	No cabe duda de que el universo es infinito.
5396	한가지만 빼면 그녀는 완벽해요.	2813	Para ser perfecta sólo le faltaba un defecto.
5397	그러나, 그 반대도 또한 항상 진실이다.	2814	Y sin embargo, también lo contrario es siempre verdadero.
5398	그 모습 그대로 사물을 보지 않고, 우리 자신의 모습으로 그것을 바라본다.	2815	No vemos las cosas según son, sino según somos.
5399	이 세상은 미치광이들의 소굴이다	2816	El mundo es una jaula de locos.
5400	너 멍청하게 보여.	2881169	Te ves raro.
5401	난 쇼핑 가야되요, 한 시간 안에 돌아올게요.	2821	Tengo que ir de compras, estaré de vuelta en una hora.
5402	이탈리아는 아주 아름다운 나라입니다.	2833	Italia es un país muy bonito.
5403	바라는 것이 없으면 부족함이 없다.	2845	No desear es lo mismo que poseer.
5404	당신이 내일 아침에 일어나서 우주가 사라졌다는 것을 알게 된다면 수학은 당신이 계속해서 연구할 수 있는 과학의 한 부분입니다.	181005	Matemática es la parte de la ciencia que podrías continuar haciendo si despertaras mañana y descubrieras que el universo se ha ido.
5405	나 머리 아파.	339837	Me duele la cabeza.
181966	나를 그런면에서 몰랐다면 나를 완전히 모르는거야.	2896073	Si no sabes eso de mí, entonces no me conoces completamente.
330717	저는 항상 바빠요.	746893	Siempre estoy ocupado.
330717	저는 항상 바빠요.	746894	Siempre estoy ocupada.
330718	효고 대학생입니다.	483331	Soy estudiante de la universidad Hyogo.
330719	사랑해요.	2639	Te quiero.
367963	이것이 고기 들어가요?	2881278	¿Contiene carne esta comida?
373268	그는 문제 (를) 제기했다.	3232116	El elevó un problema.
373272	외국어 습득에는 인내가 필요하다.	3232664	Adquirir un idioma extranjero requiere paciencia.
373273	그는 7월 초에 런던으로 향했다.	2911323	Él se dirigió hacia Londres a principios de julio.
385026	나는 그의 모자가 싫다.	2507392	No me gusta su sombrero.
385033	만약 내가 지금 그 일을 하지 않으면, 영영 못 할것이다.	3001	Si no lo hago ahora, nunca lo haré.
392055	안녕하세요.	872348	Buenas tardes.
392055	안녕하세요.	2258235	Buenos días.
392055	안녕하세요.	2507852	Buenas noches.
418360	나는 자주 버스에서 졸다가 내릴 정류장을 지나쳐간다.	3605494	Seguido me duermo en el autobús y se me pasa la parada.
447683	나는 김밥을 먹고십어요	1827586	Quiero comer gimbap.
465576	이 CD 는 10 달러 입니다.	345243	Comprar el CD cuesta 10 dólares.
465577	비가 내려서 택시를 탔습니다.	964639	Cogí un taxi porque llovía.
472092	내친구는 한국어를 공부해요.	473447	Mi amigo estudia coreano.
472092	내친구는 한국어를 공부해요.	718822	Mi amiga estudia coreano.
472896	오늘 숙제가 너무 많아요.	2881086	Hoy tengo mucha tarea.
480005	지난 방학 때 뭐 했어요?	1466609	¿Qué hiciste las vacaciones pasadas?
480990	열쇠를 잃어버렸다.	727047	Perdí la llave.
480990	열쇠를 잃어버렸다.	3668081	Perdió la llave.
500823	바쁘세요?	2881091	¿Está usted ocupado?
500823	바쁘세요?	2881093	¿Está usted ocupada?
500829	죽어!	2114175	¡Muere!
503815	사랑은 사랑을 사랑해요.	945679	El amor ama el amor.
505251	여기에 있는 동안 뭘 하고 싶으세요?	1214491	¿Qué es lo que quieres hacer mientras estás aquí?
505305	그녀는 즐거운 꿈을 꾸었다.	1205060	Ella tuvo un sueño agradable.
505327	당신이 날 필요하면, 난 어딘가에있을거야.	2880135	Si me necesitas, estaré en alguna parte.
505411	올림픽은 4 년마다 열린다.	3141974	Las olimpiadas se abren cada 4 años.
507530	당신은 어디든 가도 돼요.	3244843	Tú puedes ir a donde sea.
507533	저는 어제 영화를 보러 갔습니다.	731223	Ayer fui a ver películas.
507533	저는 어제 영화를 보러 갔습니다.	855570	Ayer fui al cine.
507550	실례합니다.	1214499	Disculpe.
507612	나는 새 차를 살 여유가 없다.	2881160	No tengo para comprar carro nuevo.
507638	디마는 하룻밤에 25 남자와 자고 그다음에 그들을 죽였다.	727040	Dina durmió con 25 hombres en una noche y después los mató.
510227	사랑이 뭐야?	502366	¿Qué es el amor?
510260	내 생각엔 그의 제안을 고려해 볼 만하다.	727036	Creo que vale la pena tomar en cuenta su sugerencia.
510285	푸에르토리코의 위치를 지도 위에 보여주세요.	727030	Muéstrame en qué parte del mapa está Puerto Rico.
510612	재미 있는 제안이야. 그게 좀 고려야겠다.	727022	Una propuesta interesante. Necesitaría razonar sobre ello.
510632	우리는 그 사슴의 발자국을 따라갔다.	727020	Seguimos las pistas dejadas por el venado.
510642	라자로 자멘호픈 폴란드인이에요.	510610	Lázaro Zamenhof es polaco.
515083	너 스타크래프트 진짜잘하더라.	727013	Juegas muy bien StarCraft.
533473	나는 캐비아를 먹었다.	449839	Comí caviar.
607981	산타 할아버지, 크리스마스 선물로 여자친구를 받고 싶어요	727014	Papá Noel, me gustaría una novia por regalo.
753731	여보세요?	3605419	¿Bueno?
778591	이것은 중국의 부채입니다.	618667	Este es un abanico chino.
780924	오늘 밤 하늘에는 별들이 아주 밝게 빛나고 있어.	2107169	Esta noche las estrellas brillan con fuerza en el cielo.
845044	언어 목록에서 왜 몰타어가 빠졌는가?	2894321	¿Por qué falta el maltés en la lista de idiomas?
889739	우리 자기 화이팅!	2895570	Tú puedes, cielito.
889741	힘내요 내가 있잖아요~	3240599	¡Ánimo! Estoy aquí, ¿no?
906132	사랑이 사랑을 어떻게 사랑할 수 있니?	888550	¿Cómo puede el amor amar al amor?
906619	우리는 아직 탄으로 난방을 했다.	2880137	Todavía calentábamos con carbón.
907724	나는 생각한다, 고로 나는 존재한다.	455683	Pienso, luego existo.
910942	여자들은 후진 주차를 잘 못한다고 한다.	3248338	Se dice que las mujeres no se pueden estacionar bien en reversa.
911134	오스트리아에서는 고속도로 사용을 위해서 통행료를 지불해야 한다.	2894441	En Austria, se debe pagar peaje para usar autopista.
911187	부모를 공경해야 한다.	2881234	Debemos respetar a nuestros padres.
911514	너 바보 아냐!	3232118	¡Tú no eres tonto!
911523	너의 마음을 상하게 하려고 한 것은 아니다.	1214506	No era mi intención hacerte daño.
911908	실례지만 영어 할 줄 아세요?	456592	Perdone, ¿habla usted inglés?
911908	실례지만 영어 할 줄 아세요?	2895440	Disculpe, pero ¿habla inglés?
911946	나에게 긴 편지를 썼다.	1466612	Él me escribió una larga carta.
911955	어디에서 태어나셨습니까?	1284827	¿Dónde nació?
912392	그녀는 얼굴이 빨개졌다.	520891	Ella se puso roja.
912395	그녀는 오른쪽 눈이 멀었다.	2849898	Ella tiene el ojo derecho ciego.
913812	너 어떻게 알게 됐어?	2861831	¿Tú cómo supiste?
914557	1492년에는 콜럼버스가 아메리카 대륙을 발견했다.	537822	Colón descubrió América en 1492.
914590	뛰어라, 네가 할 수 있는 만큼 빨리.	2881163	Corre, tan rápido como tú puedas.
915817	주목해 주시겠습니까?	3244997	¿Me presta su atención, por favor?
915859	너는 사실을 직시해야 한다.	2903652	Tienes que enfrentarte a la verdad.
917380	너는 위트 감각이 좋다.	549435	Tienes sentido del humor.
917601	너 손에 무엇을 가지고 있니?	888752	¿Qué tienes en la mano?
920826	너는 몇 개의 언어를 말할 수 있니?	1466618	¿Cuántos idiomas hablas?
921273	다음 사람요!	1214518	Siguiente persona, por favor.
921288	그것은 완전히 터무니없는 짓이다!	2861850	¡Eso es algo totalmente ridículo!
922002	2, 4 그리고 6은 짝수이다.	3216313	2, 4 y 6 son números pares.
924897	카드로 지불할 수 있습니까?	346571	¿Se puede pagar con tarjeta?
924924	폭풍이 불 것이라고 생각한다.	2861527	Pienso que soplará una tormenta.
933985	맛있게 드십시오!	435075	¡Buen apetito!
933985	맛있게 드십시오!	449794	¡Buen provecho!
935487	나는 1960년 2월 14일에 태어났다.	533238	Nací el 14 de febrero de 1960.
935563	그녀는 당황해서 얼굴이 빨개졌다.	1314310	Ella se puso roja de vuergüenza.
935583	그는 매일 면도한다.	2895577	Se rasura todos los días.
938434	해는 동쪽에서 떠서 서쪽으로 진다.	3232062	El sol sale del este y se pone en el oeste.
938435	나는 달에 가고 싶다.	1256140	Yo quiero ir a la luna.
938436	눈은 햇빛에 녹았다.	1256490	La nieve se derritió en el sol.
938437	그 호수가 얼어붙었다.	1581887	El estanque se congeló.
938437	그 호수가 얼어붙었다.	3232083	El lago se congeló.
938498	과장하지 마!	1256491	¡No exageres!
938499	당신의 생각은 전적으로 옳습니다.	824178	Tiene toda la razón.
938500	오늘은 날씨가 매우 덥다.	2858	Hoy hace mucho calor.
941477	오늘이 며칠이지?	1391557	¿A qué fecha estamos hoy?
941477	오늘이 며칠이지?	1496827	¿Qué fecha es hoy?
941481	어떻게 그런 일이 발생할 수 있었지?	2894453	¿Cómo pudo ocurrir algo así?
941484	우리는 오래된 친구들이다.	562159	Somos viejos amigos.
942101	위험 부담이 너무 크다.	3141959	La carga de riesgo es demasiado grande.
942157	고르셨습니까?	831197	¿Ya ha elegido?
942163	그것을 의도적으로 했어!	2896084	¡Lo hiciste adrede!
942335	내가 사방으로 찾았다.	3216318	Lo busqué a diestra y siniestra.
942394	직업이 무엇입니까?	3248329	¿Cuál es su profesión?
943237	나중에 보자!	1036411	¡Nos vemos!
943260	콜럼버스가 아메리카 대륙을 발견했다.	2880185	Colón descubrió el continente americano.
943290	나는 뉴욕에서 길을 잃었다.	1214485	En Nueva York me perdí.
943701	나는 소변을 잘 가리지 못하는 좀 바보스런 아이였다.	3240597	Yo era un niño tontito que no se daba cuenta de cuándo tenía ganas de orinar.
943710	네 시계 맞니?	1207782	¿Está bien tu reloj?
944711	위 사건에 관하여 원고는 아래의 피 신청인에 대하여 민사소송법 82조에 따라 소송의 인수를 신청합니다.	2895430	Con respecto al caso arriba, el demandante, de conformidad con el Código de Procedimiento Civil 82, solicita la aceptación del litigio contra el demandado abajo.
944915	어린 나는 그 이야기에 완전히 압도되어 버렸다.	2897525	Cuando era chico, fui completamente abrumado por esa historia.
948486	다음 관광 여행이 언제예요?	1466617	¿Cuándo es el siguiente tour guiado?
951500	그렇게 구성없게 굴지 마라!	3216329	¡No te portes como un animal!
951500	그렇게 구성없게 굴지 마라!	3216330	¡No te comportes como un elefante encadenado!
951504	그는 위트 감각이 좋다.	2861679	Él tiene buen sentido de ingenio.
952420	이 범죄사건은 영원히 해결될 수 없었다.	3119671	Este caso criminal jamás pudo ser resuelto.
952492	당신에게는 진술을 거부할 권리가 있습니다.	3060050	Tienes el derecho a rechazar un comunicado.
957296	우리는 삼촌의 방문을 기쁜 마음으로 기다리고 있다.	3119663	Esperamos la visita de nuestro tío con el corazón alegre.
957623	그는 왼팔을 부러뜨렸다.	1466629	Él se rompió el brazo izquierdo.
959980	너 수영할 수 있니?	1214510	¿Puedes nadar?
961612	친구는 도서관에 공부하러 와요	2507383	Mi amigo ha venido a la biblioteca para estudiar.
961612	친구는 도서관에 공부하러 와요	3682946	Mi amigo viene a la biblioteca para estudiar.
961638	존이 공항에 있어요.	1982324	John está en el aeropuerto.
961658	토마스한테 전화해요.	2894349	Hablo por teléfono con Tomás.
961668	한 상자에 얼마예요?	2864442	¿A cuánto la caja?
961673	주소하고 집 전화 번호를 쓰세요.	1466627	Escribe la dirección y el número de teléfono de casa.
961720	한국어를 배우고 싶어요.	1214495	Quiero aprender coreano.
961880	선생님을 만나고 싶어요.	2864441	Quiero ver al maestro.
961953	중국에 가고 싶었어요	1214516	Yo quería ir a China.
961978	어디에 가고 싶으세요?	687677	¿Adónde quiere ir?
961984	저는 일본어 선생님이 되고 싶어요.	2864073	Quiero ser un maestro de japonés.
961994	제시카가 노래를 부르고 있었어요.	1466642	Jessica estaba cantando una canción.
961996	교수님이 전화를 하고 계세요.	3244877	El profesor está haciendo una llamada.
961998	어머니가 케이크를 만들고 계세요.	2897527	Madre está haciendo un pastel.
963312	어제는 일찍 일어났어요.	2083016	Ayer me desperté temprano.
963713	한국말을 배우기가 힘들죠.	3119665	Es batalloso aprender coreano, ¿no?
963757	집중력이 점차 떨어진다.	2864429	Mi concentración gradualmente se disminuye.
967195	이리 오십시오.	3232112	Venga por aquí.
969792	2 곱하기 7의 결과는 14이다.	3232107	El resultado de dos por siete es catorce.
971052	그는 전화를 기다리고 있다.	2894386	Él está esperando la llamada.
971052	그는 전화를 기다리고 있다.	2894388	Él está esperando una llamada.
973930	택시 한 대만 불러 주시겠습니까?	3244923	¿Le llamo un taxi?
978608	전혀 위험을 감수하지 않으면, 아무 것도 얻을 수 없다.	2894458	Si nunca se aceptan riesgos, no se puede obtener nada.
978623	신의 존재를 믿니?	1439024	¿Crees en la existencia de Dios?
978634	그들은 죽은 후의 삶이 있다고 믿는다.	3232113	Ellos creen que hay vida después de la muerte.
978647	오류를 범하는 것은 인간의 속성이다.	3141980	El cometer errores es una cualidad humana.
978652	신이 세상을 창조하였다.	508763	Dios creó el mundo.
982064	뭐라고?	2911321	¿Que qué?
982066	형님께선 어떻게 이 먼 길을 오셨습니까?	3668064	¿Cómo ha venido usted por este camino tan largo?
982066	형님께선 어떻게 이 먼 길을 오셨습니까?	3668066	¿Cómo ha venido usted tan lejos?
998746	네 개가 어디 있어?	463434	¿Dónde está tu perro?
1003668	나는 1948년 11월 22일에 태어났다.	515929	Nací el 22 de noviembre de 1948.
1004977	비가 그쳤다.	339127	Ha parado de llover.
1004977	비가 그쳤다.	607657	Ha dejado de llover.
1004977	비가 그쳤다.	3170836	Paró de llover.
1008000	공항에서부터 호텔까지는 거리가 얼마나 됩니까?	2861530	¿Cuánta es la distancia desde el aeropuerto hasta el hotel?
1008600	알파벳은 몇 개의 글자로 되어 있습니까?	3232111	¿De cuántas letras se compone el abecedario?
1010419	나는 로마의 역사에 관한 책을 찾고 있다.	398249	Estoy buscando libros acerca de la historia romana.
1013205	이 카메라가 어떻게 작동하지?	743622	¿Cómo funciona esta cámara de fotos?
1013211	문은 자동으로 닫힌다.	870562	La puerta se cierra automáticamente.
1013281	우리는 3시에 만난다.	2880140	Nos veremos a las tres.
1013305	그녀는 목소리가 아주 좋다.	1214503	Ella tiene una voz muy buena.
1015626	그는 소프라노로 노래부른다.	3119592	Él canta soprano.
1015629	악기 연주할 줄 아세요?	2894377	¿Sabe tocar instrumento?
1015639	매리의 눈에 눈물이 고였다.	2880166	Los ojos de Mary lagrimeaban.
1022632	아무튼 좋았겠다.	3244894	De todos modos, ha de haber estado bien.
1022638	좀더 준비할 시간이 필요해.	2881235	Necesitamos un poco más de tiempo para preparar.
1022640	그렇다면 돌아가야지.	3244896	Si es así, hay que regresar.
1022661	우리가 잘못 들은 거 아닐까?	2851684	¿No será que le entramos mal?
1106819	그녀의 시선을 등 뒤에서 느꼈다.	3252134	Sentí su mirada en mi espalda.
1123385	안녕하세요,예약을 했는데요, 제이름은 카오리 요시카와 입니다. 확인카드는 여기있습니다.	2911320	Hola, hice una reservación, mi nombre es Kaori Yoshikawa. Aquí está la tarjeta de confirmación.
1168419	이 협정은 무기한 존속한다.	3232110	Este acuerdo continuará en vigencia indefinidamente.
1197763	한국에서 무슨 언어를 말해요?	1214524	¿Qué idioma se habla en Corea?
1197848	그사람들이 뭐 해요?	1194231	¿Qué hace esa gente?
1197900	난 그에게 동의하지 않아.	569116	No estoy de acuerdo con él.
1218625	왜 그 단어를 잊어버렸니?	2881197	¿Por qué olvidaste esa palabra?
1218638	바닷물에 잔잔한 파도가 일어난다.	3246141	En el mar salen olas suaves.
1218646	그 영화가 좋다고 하는 이유는, 예슬적인 측면에서 내용뿐만 아니라, 음악도 좋기 때문이에요.	3141957	La razón por la cual digo que la película está buena, no es sólo por el contenido artístico, porque la música también es buena.
1218649	음악과 영화의 구조가 조화를 이루고 있어요.	3244891	La música y la estructura de la película están en armonía.
1218663	비싼 중국식당에 초대받았어요.	2507347	Me invitaron a un restaurante chino que era caro.
1218667	언제부터 에스페란토를 배웠어요?	1751855	¿Desde cuándo aprendes esperanto?
1219108	다음 주 후에 다시 볼 수 있을 지 아직 몰라요.	2010733	Todavía no sé si podremos volver a vernos la semana que viene.
1219110	그는 선불교에 대한 글을 번역하셨어요.	3243725	Él tradujo el texto que se trata sobre el budismo zen.
1219128	대학원에 진학하려구요.	2864440	Quisiera matricularme en la escuela de posgrado.
1219134	일정은 아래의 첨부파일을 확인해 주십시오.	3119669	Respecto al programa, por favor revise el documento adjunto.
1219136	많은 관심과 참가 바랍니다.	3141960	Espero que tengan mucho interés y que participen.
1219149	여러 모로 바쁘신데도 흔쾌히 도와 주셔서 감사드립니다.	2861841	Muchas gracias por estar tan dispuesto a ayudarme estando tan ocupado con tantas cosas.
1225838	그는 나를 만나서 왔어요.	2911312	Él vino a verme.
1225850	가고 싶어.	2008688	Quiero ir.
1240298	무슨 일이야?	461060	¿Qué pasa?
1257610	매 한가지다.	3227044	Todo es igual.
1257625	제비 한 마리를 보고 봄이 왔다고 말할 수 없다.	2881232	No se puede decir que ha llegado el verano al sólo ver una golondrina.
1433828	그의 새로운 소설은 읽을만한 가치가 있다.	1207412	Su nueva novela es digna de leerse.
1528511	네가 한 일은 기대에 못 미쳤어.	1703679	Tu trabajo no cumplió con nuestras expectativas.
1532987	이 투명한 액체는 독 성분을 포함하고 있다.	3240709	Este líquido transparente contiene ingredientes ponzoñosos.
1532990	물은 투명하다.	873273	El agua es transparente.
1533057	그는 처음 헬스클럽에 갔을때는 정말 열심이었지만 몇 달이 지난후 게으름을 피우기 시작했고 결국 관두고 말았다.	2881099	Él estaba realmente entusiasmado cuando empezó a ir al gimnasio, pero después de algunos meses le empezó a dar flojera y eventualmente dejó de ir.
1533062	나의 사촌이 아직 어려서, 그들은 그에게 좀 더 기회를 줬다.	2911299	Como mi sobrino aún era joven, ellos le dieron un poco más de oportunidad.
1533063	나 좀 내버려 둬.	1042891	Déjame en paz.
1533065	그는 게으름 때문에 회사에서 짤렸다.	2880161	Él fue echado de la compañía por flojo.
1533067	내가 피곤한 건 더워서라기 보다 습해서야.	2894401	Estoy cansado, más que por hacer calor, por que está humedo.
1533071	우리 한동안 못 봤지!	1711141	No te hemos visto en un tiempo.
1533072	하루에 몇 번이나 거울을 보나요?	2894340	¿Como cuántas veces ves el espejo por día?
1533085	아이들은 들어올 수 없습니다.	3233201	Los niños no pueden entrar.
1533098	천에 백을 더하면 천백이 된다.	2885388	Si le agregas cien a mil, se vuelve mil cien.
1533100	이건 비밀이에요.	3245149	Esto es un secreto.
1533105	그들은 조각 흉내를 내고 있다.	2881205	Ellos imitan a una escultura.
1533118	일본의 날씨는 영국보다 따듯하다.	2894329	El clima de Japón es más cálido que el de Inglaterra.
1533126	포르투갈은 이웃이 하나 있고 그건 스페인이다.	1044753	Portugal tiene sólo un vecino y es España.
1533231	나는 너의 가장 친한 친구도 가장 나쁜 적도 될 수 있어.	1613680	Puedo ser tu mejor amiga o tu peor enemiga.
1533231	나는 너의 가장 친한 친구도 가장 나쁜 적도 될 수 있어.	2881231	Puedo ser tu mejor amigo o tu peor enemigo.
1533272	그 남자는 자가용이 있다.	2864436	Ese hombre tiene su propio carro.
1533310	그 사람은 동작이 빨라요.	2894353	Esa persona reacciona rápido.
1533326	내 생각에는 이게 가장 좋은 방법 같아.	2868000	Me parece que esta es la mejor manera.
1533329	이 문장은 괜찮은데.	1324217	Esta frase está bien.
1533329	이 문장은 괜찮은데.	3468293	¡Pero está bien esta frase!
1533344	난 마실꺼리를 준비할께.	2864431	Prepararé una bebida.
1533347	티켓은 각각 20엔 입니다.	3244867	Cada boleto vale veinte yen.
1533354	그녀는 스무 살에 선생님이 되었다.	3233168	Ella a los veinte años se hizo profesora.
1533355	우리 중 아무도 그 사람의 의견에 반대하지 않는다.	822123	Ninguno de nosotros está en contra de su idea.
1533359	나는 역으로 들어오는 기차를 봤다.	2894459	Yo vi al tren entrando a la estación.
1533360	그 케이크는 레몬 맛이 조금 난다.	3217200	Ese pastel tiene un saborcito a limón.
1533363	인간은 이성이 있지만 동물은 없다.	3248319	El hombre es lógico pero el animal no.
1533374	탐에게 돌아오자 마자 전화해 달라고 물어봐 주세요.	2881274	Pídele a Tom que me llame tan pronto como regrese.
1533393	존은 나의 가장 친한 친구야.	1441331	Juan es mi mejor amigo.
1533396	탐은 메리와 뽀뽀하고 싶었지만 시도할 용기가 없었다.	1286374	Tom quería besar a Mary, pero no tuvo la osadía de intentarlo.
1533398	그녀가 돌아오면 나는 떠날거야.	2876687	Cuando ella regrese, yo me iré.
1533403	나는 건축을 얼어있는 음악이라고 부른다.	2895574	Le llamo a la arquitectura, "música congelada".
1533407	그는 존이라는 세례명을 받았다.	2911201	Él recibió el nombre de pila "John".
1533450	소년은 노예로 팔렸다.	1421637	El chico fue vendido como esclavo.
1535347	너 도쿄 타워 본적 없지?	3244973	No has visto la Torre de Tokio, ¿no?
1535354	그는 예를 들어 문제를 설명했다.	1118595	Ilustró el problema con un ejemplo.
1535365	둘 중 하나를 선택하세요.	2861798	Elija uno de los dos.
1535615	이건 사고가 아냐.	1298503	Esto no es un accidente.
1583307	그는 그녀를 다시 만날 정도로 어리석다.	3141962	Él es tan tonto como para volver a verla.
1583323	지금 바빠요.	401080	Ahora estoy ocupado.
1583323	지금 바빠요.	401081	Ahora estoy ocupada.
1586900	나는 내년에 중국어를 배우고 싶다.	481987	Quiero aprender chino el año que viene.
1586900	나는 내년에 중국어를 배우고 싶다.	853668	Yo quiero aprender chino el próximo año.
1586909	테니스는 재미있다.	3227057	El tenis es divertido.
1586927	당신을 도와줄 수 있는 괜찮은 변호사를 알고 있습니다.	3227058	Conozco un buen abogado que puede ayudarlo a usted.
1586934	그는 작년에 유언장을 썼습니다.	3227059	Él escribió su testamento el año pasado.
1586939	넌 너의 역할을 받아들일 필요가 있어.	1593077	Necesitas aceptar tu papel.
1587032	누가 우릴 보러 버밍험에 와요?	3227061	¿Quién va a venir a Birmingham a vernos?
1587048	전 한국 요리를 좋아해요.	3141963	Me gusta la comida coreana.
1587063	흥! 아무도 내가 만드는 문장을 번역 안하고 있어!	3227064	¡Uf! ¡Nadie está traduciendo las oraciones que compongo!
1587074	김씨는 그 사람보다 두살 더 나이가 많습니다.	3227065	El señor Kim es dos años mayor que esa persona.
1587076	이스마엘이라고 부르세요.	3227066	Llámeme Ismael.
1587077	달걀이 아직 뜨겁다.	989346	Los huevos todavía están calientes.
1587082	아보카도는 아보카도 나무의 열매입니다.	2881252	El aguacate es el fruto del aguacatero.
1587082	아보카도는 아보카도 나무의 열매입니다.	2881254	Los aguacates son los frutos de los aguacateros.
1587091	"스웨덴 사람이세요?" "아니요, 스위스 사람이예요."	3227067	"¿Es usted sueco?" "No, soy suizo."
1587103	뭔가 들린 사람 있어?	3227069	¿Alguien oyó algo?
1587113	내가 어릴 때는 바다에 수영하러 가곤 했었지.	3227070	Cuando era niño, acostumbraba ir a nadar al mar.
1587123	술 말고 내가 제일 좋아하는 음료수는 아보카도 쉐이크야. 흑, 너무 맛있어!	3227072	Aparte de licor, la bebida que más me gusta es la malteada de aguacate. Uy, ¡qué rica!
1587127	난 그저 최선을 다하고 있을 뿐이다.	1585224	Solo estoy haciendo lo mejor que puedo.
1587129	이 영어 책은 내가 읽기엔 너무 어렵다.	3227075	Este libro en inglés está muy difícil para mí leer.
1587130	이 여자 엄청 예쁘다.	3227077	Esta mujer está muy bonita.
1587136	아이와 술취한 사람은 거짓말 하지 않는다.	1584929	Los niños y los borrachos no mienten.
1587141	정육면체의 부피를 어떻게 계산합니까?	3227078	¿Cómo se calcula el volumen de un cubo?
1587144	먹으러 갈만한 괜찮은 식당을 골라주세요.	3227079	Escoja un buen restaurante para ir a comer.
1587152	우리 애들은 학교에 있어요.	769334	Mis hijos están en la escuela.
1587152	우리 애들은 학교에 있어요.	3227080	Nuestros hijos están en la escuela.
1587155	그걸 누가 가르쳐 줬어요?	1754409	¿Quién te enseñó eso?
1587156	그녀를 찾아야 한다.	3227121	Tengo que encontrarla.
1587157	나는 네 고양이가 좋은데, 네 고양이는 나를 싫어하네.	2881162	Me agrada tu gato, pero tu gato me odia.
1587158	제 말이 들리세요?	3227123	¿Me oye?
1587158	제 말이 들리세요?	3227124	¿Oye mis palabras?
1587163	조심하십시오. 길 위에 소가 있습니다.	1584215	¡Cuidado! ¡Hay una vaca en la carretera!
1587179	그의 용감한 행동은 메달을 받을 만한 가치가 있다.	1127344	Sus temerarias acciones son dignas de una medalla.
1587188	숙제 다 끝냈니?	1582873	¿Terminaste tu tarea?
1587190	압력이 낮으면, 끓는 점도 낮다.	3060042	Si está baja la presión, el punto de ebullición también es bajo.
1587199	잘 있어라, 쿠바.	3240603	Que estés bien, Cuba.
1587203	그는 불어로 말하고 쓸 수 있다.	1582520	Él puede hablar y escribir en francés.
1587216	난 죽음이 두렵지 않다.	1164936	Yo no le temo a la muerte.
1587216	난 죽음이 두렵지 않다.	1419360	No le temo a la muerte.
1587243	시도하지 않는 것이 실패하는 것이다.	2880187	No intentar es fracasar.
1587275	오해하지 마.	2692517	No me malentiendas.
1587279	그를 자주 보았습니까?	3119593	¿Lo viste seguido?
1587279	그를 자주 보았습니까?	3119594	¿Lo veías seguido?
1587284	직접 하신 건가요?	2880153	¿Lo hizo usted mismo?
1587290	너무너무 미안해서 구멍으로 들어가서 죽어버리고 싶어.	3119599	Lo siento tanto tanto que quisiera entrar a un hoyo y morir.
1587295	천천히.	2849899	Despacio.
1587298	아뇨, 노래 안하고 있는데요?	603398	No, no estoy cantando.
1587299	우린 이탈리아 피자집에 갔어요.	1090072	Fuimos a una pizzería italiana.
1587301	언제까지나 친구로 지내자.	2894446	Pasémosla como amigos para siempre.
1587301	언제까지나 친구로 지내자.	2894449	Seamos buenos amigos para siempre.
1587303	돈인 별로 없지만, 너와 함께라면 행복해.	3227051	Casi no tengo dinero, pero estoy feliz si estoy contigo.
1587307	그거 너무 낭만적이다!	2881198	¡Eso es muy romántico!
1587309	이 바나나들 익은 거예요?	2881109	¿Ya maduraron estos plátanos?
1587311	마음먹기에 따라 똑같은 세상이 지옥이 될 수도 있고, 천국이 될 수도 있다.	2851782	Según la perspectiva, el mismo mundo puede ser un infierno, o puede ser el paraíso.
1600253	그녀가 언제 돌아올지 모르겠다.	452975	No sé cuándo volverá.
1600259	사람은 일을 해야한다.	3233294	Una persona debe trabajar.
1600280	그녀는 이틀전에 돌아가셨다.	3216327	Ella falleció hace dos días.
1637135	항상 감사드리며 선생님의 노고에 깊은 감사를 표하며...	2895582	Siempre agradece y expresa tu gratitud por el esfuerzo del maestro...
1637150	아래의 도표에 적합한 날짜를 기입해 주시면 모든 분들이 다 참석할 수 있는 날을 정하겠습니다.	2860322	Si nos hace el favor de llenar la tabla de abajo con los días en los que pueda, fijaremos un día en el que todos puedan asistir.
1637156	시청 앞에는 큰 주차장이 있다.	3141977	Hay un gran estacionamiento en frente del ayuntamiento.
1637166	이 안경은 누구 것이지?	1010701	¿De quién son estas gafas?
1637168	톰은 마침내 일자리를 구했다.	1230900	Tom finalmente consiguió trabajo.
1637171	우리는 전 세계의 우표를 모은다.	2851716	Coleccionamos estampillas de todo el mundo.
1637178	난민들은 여러 교회 기구로부터 지원을 받는다.	2861849	Los refugiados han recibido apoyo de varias organizaciones religiosas.
1637198	법원은 그녀에세 6개월의 징역에 집행유예를 선고하였다.	2881271	El tribunal la condenó a seis meses de libertad condicional.
1637205	살인자는 종신형을 선고받았다.	3223476	El asesino fue condenado a cadena perpetua.
1637221	그 편지는 무엇에 관한 것입니까?	3216223	¿De qué se trata esa carta?
1637221	그 편지는 무엇에 관한 것입니까?	3216226	¿De qué se trata la carta?
1756105	가장 가까운 지하철역이 어딥니까?	687657	¿Dónde está la estación de metro más cercana?
1756128	이 제품은 이탈리아에서 말들어졌다.	1508955	Este producto fue hecho en Italia.
1797734	왜 나를 따라오세요?	2894431	¿Por qué me sigue usted?
1797738	그 여자는 무엇을 원해요?	2881273	¿Esa mujer qué quiere?
1865810	수잔의 음식 솜씨가 훌륭하다.	3240620	La habilidad de cocina de Susan es muy alta.
1882090	나는 요코하마에 살고 있다.	3060055	Estoy viviendo en Yokohama.
2059463	저도 모르겠어요.	3239800	Yo tampoco sé.
2059467	왜 거짓말을 해요?	1281225	¿Por qué mientes?
2059475	하지마!	1172802	¡No lo hagas!
2088270	실험은 실패했다.	855850	El experimento ha fallado.
2088293	해적들은 항복할 수 밖에 없었다.	2851734	Los piratas no pudieron más que rendirse.
2088313	하느님이 천지를 창조하셨다.	998313	Dios creó el cielo y la tierra.
2088315	연필이 필요하면 제가 빌려줄게요.	3060030	Si ocupas un lápiz, te presto uno.
2088330	그는 가지 않기로 결정했다.	1959250	Él decidió no ir.
2110831	의사는 그녀에게 집에 있으라고 조언했다.	1066902	El médico le aconsejó que se quedara en casa.
2110874	신발끈을 묶으세요.	1651406	Atate el cordón del zapato.
2135047	누가 제 차를 훔처갔어요. 제가 주차한곳에 없어요.	2911307	Alguien se robó mi carro. No está donde lo estacioné.
2148064	커피 한 잔?	3244884	¿Una taza de café?
2239541	출발은 몇 시에 합니까?	2894360	¿A qué hora parte?
2239541	출발은 몇 시에 합니까?	2894362	¿A qué hora partiremos?
2345014	이 작은 섬이 시야에 들어왔다.	2894364	Esta pequeña isla entró a la vista.
2345015	그는 한 가지 언어만 말할 수 있다.	3217197	Él solo puede hablar un idioma.
2346871	이건 저의 컴퓨터예요.	3141958	Esta es mi computadora.
2378167	일본요리 식당으로 갑시다.	2864117	Vayamos a un restaurante japonés.
2386323	어젯밤에 난 라디오를 듣고 있었다.	2880127	Anoche estuve escuchando la radio.
2386405	나는 이것이 어디에서 왔는지 모른다.	3232104	Yo no sé de dónde vino esto.
2386473	그는 결코 행복하지 않았다.	3217235	Él jamás fue feliz.
2652658	생일 축하해요 Muiriel!	2486	¡Feliz cumpleaños, Muiriel!
2652670	시간 있는지 잘 모르겠다.	2497	No sé si tengo tiempo.
2652671	시간 있는지 잘 모르겠습니다.	2497	No sé si tengo tiempo.
2652693	작고 횐색 토끼는 '왠 일 있니?" 물어봤어요.	2708	—¿Qué pasa? —preguntó el pequeño conejo blanco.
2652739	너 참 예쁜 아이구나	3240611	Eres una chica linda.
2653722	작고 횐색 토끼는 '무슨 일 있니?" 라고 물어봤다.	2708	—¿Qué pasa? —preguntó el pequeño conejo blanco.
2654544	오늘의 날씨가 어제보다 더 아름답다.	2881214	El tiempo es más agradable hoy que ayer.
2654546	오늘의 날씨가 어제보다 더 아름다워요.	2881214	El tiempo es más agradable hoy que ayer.
2654548	오늘의 날씨가 어제보다 더 아름다워.	2881214	El tiempo es más agradable hoy que ayer.
2654581	그는 의사가 아니라, 박사다.	2894346	Él no es doctor, es doctorado.
2654586	정말 서운해.	3232103	Estoy realmente apenado.
2654587	정말 섭섭해.	3232102	Estoy realmente afligido.
2654600	빨리 갔다 올게.	2880131	Voy y vengo rápido.
2655591	오늘 날씨가 어제보다 더 좋다.	2881215	El tiempo es mejor hoy que ayer.
2655597	저한테 신경 쓰지마세요	2880159	No se preocupe por mí.
2655599	나한테 신경 쓰지마	512424	No te preocupes por mí.
2655613	아이에게 이치를 말해도 소용없다	2851701	Es inútil razonar con un niño.
2655617	네 혈액형이 뭐지?	2881263	¿Cuál es tu tipo de sangre?
2655636	꿈자리가 사나워 잠을 설쳤다	3216123	No pude dormir bien por el sueño feroz que tuve.
2655643	그는 학교 공부가 좀 처진다.	2849897	Se queda un poco atrás en sus estudios escolares.
2655646	기쁨은 나누면 배가 되고 슬픔은 나누면 반이 된다.	3248557	Alegría compartida se vuelve doble, penas compartidas se vuelven la mitad.
2655650	세상 참 좁네요!	699507	¡Qué pequeño es el mundo!
2655651	개같이 벌어서 정승같이 쓴다	3217348	Lo que se guarda apretado es lo más utilizado.
2655652	개 눈에는 똥만 보인다	2864439	A través de sus ojos sólo se ve popó.
2655656	배보다 배꼽이 크다.	3217146	El ombligo está más grande que la barriga.
2655666	고양이가 발톱을 감춘다.	2861813	El gato esconde sus uñas.
2655669	바보같이 굴지 말고 실속을 차려라.	3668073	No seas tonto, mejórate.
2655672	그는 그 고아를 양자로 삼았다.	2894421	Él adoptó a ese huérfano.
2655674	눈썰미가 있구나.	3216127	¡Qué bien aprendes visualmente!
2655677	그녀에 대한 제 사랑이 진실합니다	2880130	Mi amor por ella es verdadero.
2655678	고생하셨어요.	3232115	Se ha esforzado mucho.
2655684	장가들었느냐?	3217138	¿Se casaron?
2655697	여자들은 대부분 화려한 결혼식을 꿈꿔.	2864080	La mayoría de las mujeres sueñan con una boda espléndida.
2655699	일이 이렇게 많으니 밤새우게 생겼네요.	2897522	Como tengo tanto trabajo, me tardaré toda la noche.
2658131	요즘은 인터넷만 뒤지면 모든 정보와 지식와 호수 그 바다에 풍덩 빠질 수 있을 수 정도로 그런 시대예요.	2897536	Estamos en una época, que cuando uno entra al internet, todo lago de información y sabiduría puede caer plaf en el mar.
2658162	그는 경험이 있는 선생님이에요.	2861754	Él es maestro con experiencia.
2658164	남남북녀.	3217155	Hombre sureño, mujer norteña.
2658167	지금은 바빠서 못 가.	2864425	No puedo ir porque estoy ocupado.
2658168	그만하면 그에게 흡족하게 해 준 거다.	3216206	Ya has hecho lo suficiente por él.
2658170	별일 없으세요?	3217227	¿No tiene usted algo importante que hacer?
2658171	이제는 일이 손에 어느 정도 익었어요.	3217222	Ya estoy algo acostumbrado al trabajo.
2658172	서울의 거리는 대부분 깨끗합니다.	3217218	La mayoría de las calles de Seúl están limpias.
2658173	그건 내가 할 소리야.	3217194	Dije que lo iba a hacer.
2658175	진수 씨가 저를 도와주신 것을 감사하는 뜻으로 저녁에 초대하려고 해요.	2861739	Intentaré invitar a Jinsu a cenar como agradecimiento de haberme ayudado.
2658176	엄마 설겆이 하시나 봐.	3217190	Parece que mamá está lavando los platos.
2658177	수면 부족이 점차 건강에 영향을 미친다.	3217186	La falta de sueño poco a poquito alcanza a afectar la salud.
2658179	수아 씨, 요즘 요가 하신다더니 정말 날씬해지셨네요.	3217178	Señorita Súa, ¡adelgazó bastante haciendo yoga estos días!
2658180	요즘 여행 준비하느라 아주 바쁘시지요?	3217173	Ahora se encuentra usted ocupado estos días por andar preparándose para el viaje, ¿no?
2730462	오해 하지 마세요.	3287882	No me malentienda.
2730463	니 맘대로 하세요.	3668071	Haz lo que te dé la gana.
2730487	내 여자친구가 되어줄래?	2857748	¿Serías mi novia?
2730490	내 남자친구가 되어줄래?	2857750	¿Serías mi novio?
2730494	우린 서로 첫눈에 반했어요.	456158	Fue amor a primera vista.
2730498	당신에게 반했습니다.	455830	Estoy loco por ti.
2730500	우린 천생연분이야.	1372163	Somos almas gemelas.
2730507	사랑합니다.	2639	Te quiero.
2730507	사랑합니다.	380198	Te amo.
2739530	소파와 안락의자가 저기 있어요.	3160455	Allá están el sofá y el sillón.
2739537	그는 그의 안경을 안 가지고 왔어요.	2897947	Él no trajo sus lentes.
2739624	그들은 자러 가고 싶지 않았어요.	2864428	No se querían ir a dormir.
2739638	저는 수상스키를 타고 싶어요.	2881104	Quiero hacer esquí acuático.
2739644	저는 피곤해서 가요.	3141955	Estoy cansado, así que me voy.
2739648	우리는 아침식사를 하고 싶어요.	2894354	Nosotros queremos desayunar.
2739653	제가 양상추를 씻을까요?	2880141	¿Debería lavar la lechuga?
2739659	언제 전화할 거예요?	2861784	¿Cuándo vas a llamar?
2740143	극장 가는 걸 좋아해요?	2881153	Te gusta ir al teatro?
2740146	저희 손님들은 흥미로운 사람들이었어요.	2880155	Nuestros invitados fueron gente muy interesante.
2745636	밤에 혼자 산책하는 것은 위험해요?	2894456	¿Es peligroso pasear solo por la noche?
2749657	고릴라하고 얼룩말은 어디 있어요?	2881148	¿Dónde están los gorilas y las cebras?
2753033	저 여자아이의 부모님이 누구세요?	2894336	¿Quiénes son los padres de aquella niña?
2753044	저는 예순 살이 되자마자 일을 그만둘 거예요.	3239799	Voy a dejar de trabajar en cuanto cumpla sesenta años.
2754618	밴드는 아주 잘 연주해요.	2886301	La banda toca muy bien.
2758519	그의 열쇠가 어디 있는지 알아요?	2861843	¿Sabes en dónde están sus llaves?
2812863	그분은 의사가 아닙니다.	857794	Él no es médico.
2812869	그분은 제 친구입니다.	453876	Él es mi amigo.
2812869	그분은 제 친구입니다.	1751122	Ella es mi amiga.
2831451	너무 까다롭게 고르면 아무것도 못 받는다.	2897517	Si escoges demasiado meticulosamente, no recibirás nada.
2834025	너 언제 론돈에서 돌아 왔어죠?	2881097	¿Y cuándo fue que regresaste de Londres?
2834029	모두 미아를 찾아 봤다.	2881233	Todos buscaron al niño extraviado.
2834030	할아버지가 팔십 구 세 돼셨어요.	2897942	El abuelo cumplió ochenta y nueve años.
2834030	할아버지가 팔십 구 세 돼셨어요.	2897944	Mi abuelo cumplió ochenta y nueve años.
2847934	삶의 경험은 중요한 지식체계이다.	2896082	La experiencia de la vida es un cuerpo importante del conocimiento.
2849837	톰이 누구에요?	1993762	¿Quién es Tom?
2849844	곧 여기에서 사는 것에 적응될 거예요.	1805508	Pronto te acostumbrarás a vivir aquí.
2849845	당신이 원한다면 나는 돈을 어느정도 빌려줄 수 있어요.	1693766	Puedo prestarte algo de dinero si quieres.
2849846	아직도 당신은 인간관계에 대해 많이 배워야 해요.	2183747	Aún debes aprender mucho sobre relaciones.
2850011	언제 시작할 생각이에요?	2094479	¿Cuándo pretendes empezar?
2850012	여기 브라질에서 전시되기 위해서 이 예술 작품들이 바다를 건너 왔어요.	1909485	Las obras de arte cruzaron el océano para ser exhibidas acá en Brasil.
2850013	그는 꽤 젊었을 때부터 대머리가 되기 시작했다.	1638223	Empezó a quedarse calvo siendo bastante joven.
2850014	그녀는 하나의 결점만 없었다면 완벽했을 것이다.	2813	Para ser perfecta sólo le faltaba un defecto.
2852340	톰은 메리 생각 하느라 시간을 다 보낸다.	1439635	Tom pasa todo su tiempo pensando en Mary.
2852342	당신은 삼일전에 일을 끝냈다고 말했다.	1005003	Usted le dijo que había terminado el trabajo tres días atrás.
2852360	마유코는 내 사과를 한 입 베어물었다.	1702897	Mayuko le dio una mascada a mi manzana.
2852363	나는 아기를 깨우지 않으려고 문을 살며시 닫았다.	1809567	Cerré suavemente la puerta para no despertar al bebé.
2852366	돼지들은 악취가 나지만, 후각이 아주 좋다.	1545702	Los cerdos huelen mal, pero tienen muy buen olfato.
2852409	기다릴 수 밖에 없다.	2637	Sólo puedo esperar.
2852412	공부할 방이 없다.	878673	No tiene cuarto para estudiar.
2852465	그는 자기 아내에게 늘 진실했었다고 한다.	715757	Dice que siempre le ha sido fiel a su esposa.
2852467	그의 비위를 맞추기가 너무 힘들다.	720094	Es difícil complacerle.
2852481	도쿄와 모스크바 간을 오가는 항공편이 있다.	752919	Hay un vuelo entre Tokio y Moscú.
2852509	케이트는 잃어버렸던 손목시계를 찾았다.	1567851	Kate encontró el reloj que había perdido.
2852512	너무 엄격하게 굴지마라. 그냥 아이들일 뿐이다.	2471564	No seas tan estricto. Solo son niños.
2852523	어제 몇명이서 동물원에 갔어요?	2123376	¿Cuánta gente vino al zoológico ayer?
2852542	그는 방 한쪽에서 다른 쪽으로 갔었다.	1937789	Él iba de un lado para otro en la habitación.
2852553	그녀는 그에게 행복하냐고 물었다.	989344	Ella le preguntó si era feliz.
2854705	너는 나랑 여기 같이 있으니 안전하다.	1125793	Estás seguro aquí conmigo.
2854712	트위터의 슬로건은 '당신이 사는 세상에서 지금 무슨 일이 일어나고 있는지 알 수 있는 가장 좋은 방법'이다.	635737	El eslogan de Twitter es "La mejor manera de descubrir qué hay de nuevo en tu mundo".
2854715	그는 해군이 되었다.	1250883	Él se hizo marinero.
2854719	그들이 말하는 남자는 죽은지 오래 됐는데.	2741908	El hombre del que están hablando lleva mucho tiempo muerto.
2855878	저는 학교에서 나와틀어를 배워요. 멕시코 사람이에요.	1400008	Aprendo el náhuatl en mi escuela. Soy mexicano.
2856662	봄에 피는 꽃은 여러 가지가 있습니다.	2856677	En primavera hay una gran variedad de flores nacientes.
2856686	올해도 잘 부탁합니다.	2894405	Este año también, sea benigno conmigo.
2856686	올해도 잘 부탁합니다.	2894406	Este año también, se lo encargo mucho.
2856686	올해도 잘 부탁합니다.	2894407	Este año también, estoy para servirle.
2857510	그는 사과를 가득 채운 봉지를 들고 있었다.	2248526	Él cargaba una bolsa llena de manzanas.
2857511	책은 어딘가 다른 곳에 있기를 원하는 사람들을 위한 것이다.	668567	Los libros son para la gente que desearía estar en otro lugar.
2857512	나는 해야할 것을 할 것이다.	1615467	Haré lo que tenga que hacer.
2857517	그녀는 목표에 도달하기 위해 노력했다.	1682820	Ella se esforzó en alcanzar su meta.
2857520	수염 없는 키스는 소금 없는 국과 같다.	1068544	Un beso sin bigote es como una sopa sin sal.
2860428	좋은 생각을 가지고 있네요.	2270634	Ha tenido usted una gran idea.
2860447	제 사촌은 기자예요.	1158698	Mi prima es periodista.
2860450	교토에서 오는 기차는 몇 시에 도착하나요?	854190	¿A qué hora llegará el tren de Kioto?
2860469	나는 모든 질문들에 대답할 수 있었다.	581067	Pude responder todas las preguntas.
2860472	전화번호 좀 줄래요?	2124622	¿Me da su número de teléfono?
2860475	톰은 다리에 쥐가 났다.	1715825	A Tom le dio un calambre en la pierna.
2860509	토미는 그 마지막 질문에 대답할 수 없었다.	795888	Tommy no pudo responder a la última pregunta.
2860511	홀은 일본 그림들로 장식되어 있었다.	1713134	La sala estaba decorada con pinturas japonesas.
2860512	거기에 한번 있었던 적이 있어.	1256541	Estuve allá una vez.
2860513	메리는 개를 무서워한다.	1144153	Merry le tiene miedo a los perros.
2860516	다행히도 너무 심해지기 전에 불이 꺼졌다.	1002780	Afortunadamente, el fuego fue apagado antes de que fuera demasiado grave.
2860521	그들은 톰 없이는 계속할 수 없다.	2756968	Ellas no pueden continuar sin Tom.
2860522	어제 그는 아무 것도 안 먹었다.	2285661	Ayer no comió nada.
2860546	하지만, 적절하지 못한 순간이었다.	2110173	Sin embargo, el momento no fue muy oportuno.
2860547	나는 더이상 무시당하는 것을 참지 않겠다.	1307482	Me rehúso a seguir siendo ignorado.
2860550	그들은 자신을 싫어했다.	1038713	Se odiaban a sí mismos.
2860553	그는 바람을 피웠다.	1750182	Él me puso los cuernos.
2860564	그들은 서로 싫어했다.	1441390	Ellos se odiaban.
2864336	그는 여기로 오는 중에 길을 잃었다.	1359761	Él se perdió cuando se dirigía hacia aquí.
2864341	어느날 빠블로는 과테말라의 정글 속에서 길을 잃었다.	523783	Un día Pablo se perdió en la selva de Guatemala.
2864343	새가 날아가 버리고 시야에서 사라졌다.	1803684	El pájaro se fue volando y se perdió de vista.
2864345	그는 생각에 잠겼다.	724299	Se perdió en sus propios pensamientos.
2864346	저번에 잃어버린 시계는 새 거였다.	2058444	El reloj que se me perdió el otro día era nuevo.
2870614	겨울에 이 모자를 쓰고 다녀야 될 것 같아.	2870624	Parece que tendré que ponerme este sombrero en invierno.
2881441	미국 성인은 약 65퍼센트가 비만이고 그건 그들의 건강에 좋지 않다.	2881461	Aproximadamente el 65% de los adultos estadounidenses tienen sobrepeso, lo cual no es bueno para su salud.
2881442	내일 널 만나고 싶어.	2471971	Quisiera verte mañana.
2881444	엘리자베스가 알리스터를 냉혹하게 죽였다.	609825	Elizabeth mató a Alister a sangre fría.
2881445	무료로 받을 수도 있어.	2881349	Podrías recibirlo gratis.
2881446	그녀가 케이크를 여섯 조각으로 잘라서 애들에게 한조각씩 줬다.	1305252	Ella cortó la tarta en seis trozos y dio uno a cada niño.
2881448	아버지의 사망을 알리는 전화를 받았을 때 나는 완전히 당황했다.	2881344	Cuando recibí la llamada informándome de la muerte de mi padre, estaba completamente aturdido.
2881449	그들은 너무 피곤하여 산을 오를 수 없었다.	957032	Ellos estaban muy cansados para escalar la montaña.
2881451	그녀가 마음을 바꿀 것 같다.	698555	Parece que ella podría cambiar de opinión.
2881452	내가 갖고 있는 게 어쩌면 네가 원하는 것일 수도 있어.	2062980	Creo que tengo algo que puede que quieras.
2881454	그것의 긍정적인 면을 보자.	2167218	Veamos el lado positivo.
2881455	그는 그림에 재능이 있었다.	1080889	Él tenía talento para la pintura.
2881456	그에 대해서 뭘 알아?	1890384	¿Qué sabes sobre él?
2881457	슬퍼하는 여자가 친구들에게서 위안을 받았다.	1280046	La mujer, hundida en la tristeza, fue consolada por sus amigos.
2884296	톰이 언제 여기 왔지?	2884293	¿Cuándo llegó Tom aquí?
2884305	나에겐 경치 좋은 산이 보이는 방이 있었다.	2881725	Tenía una habitación con una hermosa vista de las montañas.
2884306	나는 내가 몇살인지 모르겠다.	2881726	No sé qué edad tengo.
2884307	그는 이웃주민의 행운을 부러워했다.	2881733	Ella tenía envidia de la buena fortuna de su vecino.
2884308	더 이상 경제적이지 않아서 여객선 운항을 멈췄다.	2881737	Cerraron el servicio de ferry porque ya no era económico.
2884312	언젠가 아이들은 다 둥지를 떠난다.	2883554	Todos los hijos abandonan el nido algún día.
2884314	그 남자는 많은 대출업자에게서 돈을 빌리는 사람이다.	2883557	Ese hombre es una persona que pide prestado dinero de muchos prestamistas.
2884315	너는 아빠랑 똑같다.	2270409	Eres exactamente como tu padre.
2884315	너는 아빠랑 똑같다.	2270410	Eres clavadito a tu padre.
2884315	너는 아빠랑 똑같다.	2295411	Eres igual a tu padre.
2884317	그걸 다시 보고 싶다.	2033144	Quiero volver a verlo.
2884318	그를 다시 보고 싶다.	2033144	Quiero volver a verlo.
2884319	너는 걔처럼 빨리 수영할 수 있어?	1372072	¿Puedes nadar tan rápido como él?
2884322	너가 파티에서 입을 것을 사자.	2883563	Vamos a comprar algo para que te pongas para la fiesta.
2885798	이 기사를 읽는것만으로도 그 사고가 얼마나 심각했는지 알 수 있다.	2884232	Sólo tienes que leer este artículo para ver qué tan grave fue el accidente.
2885810	파티 막바지에 그는 아직도 병원에 대해서 뭔가 중얼거리고 있었는데 얼음 조각에 미끄러 넘어져 왼쪽다리를 부러졌다.	2884259	Todavía estaba murmurando algo acerca de hospitales al final de la fiesta cuando se resbaló sobre un trozo de hielo y se rompió la pierna izquierda.
2885814	나는 비타민C 섭취를 위해 신선한 레몬을 먹었다.	2162886	Me comí un limón fresco por la vitamina C.
2885818	나는 네가 진실을 말하는걸 안다.	2884260	Sé que dices la verdad.
2885821	메세지 전해 드릴께요.	2884261	Puedo tomar un recado.
2885828	답장을 아직도 못 받아서 혹시 내 우편물이 너한테 배달되지 않은 건지 궁금했다.	2884262	Como no he recibido una respuesta, me preguntaba si tal vez mi correo nunca se te entregó.
2885841	그가 재능있는 예술가인 것은 확실하다.	2839119	Está claro que él es un gran artista.
2885846	나는 호수에 스케이트를 타러 갔다.	1586714	Fui a patinar al lago.
2885856	난 말하다가 목이 쉬었다.	1243063	Yo hablé hasta quedar ronco.
2885860	그 회사가 작년에 십억엔의 손실을 보았다.	2884268	La compañía sufrió una pérdida de mil millones de yen el año pasado.
2885863	사회가 변화하고 있다.	2884269	La sociedad está cambiando.
2885864	어른들을 존경해야한다.	1686336	Tienes que respetar a tus mayores.
2885867	댐 밑에 물방앗간이 있었다.	2884270	Había un molino de agua debajo de la presa.
2941399	아이들이 자전거를 타고 있다.	1701396	Los niños están andando en sus bicicletas.
2998117	한국에는 무슨 일로 오셨습니까?	3418058	¿A qué viene usted a Corea?
2998132	한국에 처음 오셨습니까?	3141969	¿Es la primera vez que vienes a Corea?
3089062	내 비밀은 이런 거야. 매우 간단한 거지. 오로지 마음으로 보아야만 정확하게 볼 수 있다는 거야. 가장 중요한 것은 눈에는 보이지 않는 법이야.	3203698	Este es mi secreto. Es algo bastante simple. Solamente viendo por el corazón se puede ver correctamente. Lo más importante es lo que no se ve con los ojos.
3120698	이번 주는 운전연습을 하느라고 바빠요.	3203677	Esta semana, estoy ocupado practicando a manejar.
3158451	이 세상의 교육이 실망스러워.	2500	La educación en este mundo me decepciona.
3182943	나는 남자를 봐요.	2195237	Veo a un hombre.
3213663	맛있게 드세요!	449794	¡Buen provecho!
3227793	호랑이도 제 말하면 온다.	536129	Hablando del rey de Roma.
3246576	"Kaisha"를 영어로 어떻게 말해요?	847427	¿Cómo se dice "kaisha" en inglés?
3247396	손바닥으로 하늘을 가리려한다.	3605402	Es tratar de tapar el cielo con la palma de la mano.
3249274	가계야치요.	3250954	Está llena de gallinas y faisanes salvajes tu casa.
3249274	가계야치요.	3250955	Aprecias más lo que tiene otro y descuidas lo que tienes en casa.
3374118	난 전라 배고프다.	3373850	Tengo un chingo de hambre.
3447235	無隻 잘산다.	3447244	Sin energías vengativas se vive bien.
3450310	그 남자는 작은 목소리로 말했다.	3450321	Ese hombre habló con voz baja.
3456718	가져도 될까요?	3464726	¿Está bien si me lo llevo?
3655514	그래서 나는 프랑스에 오래 머무르고 싶고, 그러기 위한 돈이 필요하다.	3670799	Por eso es que quiero quedarme mucho tiempo en Francia y necesito dinero para ello.
3668438	톰이 원한다면, 내 비디오 카메라를 쓸 수 있다.	2242676	Tom puede usar mi cámara de vídeo si quiere.
3669243	난 재미없는 사람이야.	3668664	Soy aburrido.
3669245	난 지루해.	455828	Estoy aburrido.
3674946	그 노란색 장난감은 작다.	463035	El juguete amarillo es pequeño.
3674947	난 6시 반에 돌아올 거야.	2368755	Volveré a las seis y media.
3674950	우리 엄마는 그렇게 열심히 공부하지 말래.	3674949	Mi madre me dice que no estudie tan arduamente.
3674952	그 일은 내일까지 기다려도 돼?	3674961	¿Puede esperar hasta mañana?
3674953	그 일은 내일 해도 돼?	3674955	¿Podemos hacerlo mañana?
3674953	그 일은 내일 해도 돼?	3674960	¿Podemos dejarlo para mañana?
3674965	우리에게 필요한 것이 무엇인지 하나님께서는 아신다.	3674966	Dios sabe qué es lo que necesitamos.
3674969	난 거의 죽을 뻔 했다.	3674970	Casi me muero.
3674974	그는 아무도 그의 안락의자에 못 앉게 할 것이다.	3674975	No dejará que nadie se siente en su sillón.
3675019	내 시계는 네 것과 다르다.	360218	Mi reloj es distinto al tuyo.
3675030	이런 일에 시간을 낭비하고 싶지 않다.	2782026	No quiero desperdiciar mi tiempo en esto.
3675047	20세기 동안 아프가니스탄이랑 이란은 국가를 여러 번 바꿨다.	1336404	Afganistán e Irán cambiaron sus himnos nacionales varias veces en el transcurso del siglo XX.
3675083	믿는 사람한테 귀신은 실제다.	3276110	Los fantasmas son reales para aquellos que creen en ellos.
3676975	저번달에 그들은 미국에 갔다.	675512	Se fueron a Estados Unidos el mes pasado.
3677001	식전 요리에는 음료가 제공됩니다.	3031	La entrada incluye una bebida.
3677076	아침에 무슨 일이 있었니?	3573564	¿Qué pasó esta mañana?
3677080	우리 언니는 날마다 피아노를 친다.	1517106	Mi hermana toca el piano cada día.
3677082	우리 누나는 날마다 피아노를 친다.	1517106	Mi hermana toca el piano cada día.
3677083	우리 여동생은 날마다 피아노를 친다.	1517106	Mi hermana toca el piano cada día.
3677087	그가 충격에서 벗어나는 데는 몇 주 걸렸다.	3573565	Tardó varias semanas para recuperarse del choque.
3677091	톰이 나한테 봉투를 내 생일 때까지 열지 말래.	3573566	Tom me dijo que no abriera el sobre hasta mi cumpleaños.
3677092	어느 걸 사면 좋을 지 몰랐다.	3573567	No sabía cuál debía comprar.
3680967	난 밤새도록 울었다.	360093	Lloré toda la noche.
3680991	밧줄을 자르기 위한 칼이 필요하다.	1518067	Necesito un cuchillo para cortar la cuerda.
3684917	저는 추가 의견이 있어요.	3572148	Tengo un comentario.
3684918	저는 논평할 말이 있어요.	3572148	Tengo un comentario.
3693779	껌이다.	1396490	Es pan comido.
3693829	시내가 한눈에 보이다.	3693831	Se ve toda la ciudad de un vistazo.
3695258	어떻게 말해요?	3695253	¿Cómo se dice?
3695298	문장에 틀렸거나 어색하다면 꼭 고쳐주시기 바랍니다!	3695299	Si hay errores o construcciones extrañas en las oraciones, les pedimos que por favor las corrijan.
3698257	우리 가족과 함께 즐거운 휴가를 보내고 차 타고 멕시코 전역을 돌아다녔습니다.	3698277	Pasé unas maravillosas vacaciones junto con mi familia paseando por todo México en carro.
3698262	지나간 각 도시의 아름다운 풍경이 볼만 했다.	3698275	Valió la pena ver los hermosos paisajes de cada ciudad que pasamos.
3698267	포포카테페틀 산과 이스타시와틀 산 그리고 성당, 식민건축물, 여러 박물관이 잘 보였기 때문에 도착하자 마자 뿌에블라의 풍경이 얼마나 아름다운지 알 수 있었습니다.	3698273	En cuanto llegamos a Puebla se veían los volcanes Popocatépetl e Iztaccíhuatl, las iglesias, los edificios coloniales y varios museos y nos dimos cuenta de cuán maravilloso era su paisaje.
3698269	다음 날에는 나가지 않고 칙나와판 온천에 가서 거의 하루종일 수영을 했고, 너무 재미 있고 유익한 경험이었습니다.	3698272	El siguente día no salimos y pasamos casi todo el día en las aguas termales de Chignahuapan; fue una experiencia única y muy divertida.
3698270	휴가 마지막 무렵에는 쫌 향수를 느꼈지만 집에 돌아가는 것도 기대했다.	3698271	A fines de las vacaciones sentí un poco de nostalgia, pero también estaba emocionado por regresar a casa.
3698278	해가 질 무렵 높은 데 올라가서 태양이 천천히 내려가는 것을 보고, 따라서 밤의 광장에 놀러갔다.	3698280	Al atardecer, subimos a un lugar alto y vimos el sol ponerse lentamente y a continuación fuimos al zócalo de noche.
3706310	설마 일이 이렇게 될 줄이야.	3706315	¿Cómo pudo haber pasado esto?
3706310	설마 일이 이렇게 될 줄이야.	3706344	No puedo creer que haya pasado esto.
3706358	당근이지.	3706357	Naturalmente.
3707660	이젠 끝장이야!	3707659	¡Estoy muerto!
3707661	제멋에 겨워 밥도 안벅고 날밤을 샌다.	3707662	Está tan inmerso en lo suyo que ni come y pasa toda la noche sin dormir.
3707727	아까 한 말 취소야.	3707729	Olvida lo que acabo de decir.
3707732	맛있긴 뭐가 맛있어?	3707735	¿Qué tiene de sabroso?
3707769	이젠 어쩔 셈이야?	1357545	¿Y ahora qué?
3709077	조심해!	1929710	¡Ten cuidado!
2730461	이 짓이 지겨워 죽겠어.	3712912	Esta onda me tiene hasta la madre.
3712922	모두들 잃어버린 아이를 찾아 보았다.	2881233	Todos buscaron al niño extraviado.
3712940	우리는 집에 가는 중입니다.	3712941	Estamos yendo a casa.
3655513	또한 프랑스의 분위기를 느끼고 싶다.	3712970	Y también quiero sentir el ambiente de Francia.
3713570	왜 그렇게 서둘러?	3713563	¿Cuál es la prisa?
3716514	니 똥 굵다.	3716515	Tú mandas.
3716514	니 똥 굵다.	3716516	Tu popó es gruesa.
2947707	뭐하고 살았냐?	3718085	¿Cómo la pasaste?
1587235	그리스인들은 기원전 7세기에 이탈리아 반도를 발견했다.	3718089	Los griegos descubrieron la península italiana en el siglo VII antes de Cristo.
2990082	나는 행복한 삶을 살고 싶어요.	1192070	Yo quiero vivir una vida feliz.
3718363	보통 영화를 볼 때 팝콘이랑 코카콜라를 먹는데 이번엔 사탕을 먹으려해.	3719611	Normalmente como palomitas y tomo Coca cuando veo una película, pero esta vez voy a comer dulces.
3718362	영화가 나빠도 친구랑 같이 있으니 즐거울 테지.	3719612	Aunque esté mala la película, la pasaré bien porque estoy con amigos.
3718361	인터넷에 의하면 대단히 흥미로울 것 같아.	3719614	Según el internet, será muy interesante.
3718360	영화에서 뭐가 일어나는지는 모르겠지만 친구들이 재미 있대.	3719615	No sé qué pase en la película, pero mis amigos dicen que es divertida.
3718359	다음 주말에 영화관에서 디버전트란 액션 영화를 자막 없이 볼거다.	3719617	El próximo fin de semana voy a ver la película de acción 'Divergente' sin subtítulos.
3718358	나중에 친구랑 같이 영화 보러 갈거다.	3719618	Después voy a ir a ver una película con un amigo.
3718357	쇼핑하기 참 싫지만 힘을 내야겠다!	3719619	La neta no me gusta ir de compras, pero ¡tendré que aguantar!
3718356	곧 사촌의 결혼식이 있어서, 내일 아침에 난 엄마랑 누나랑 같이 웨딩드레스를 사러 가야 돼.	3719620	Mañana tengo que salir a comprar un vestido de bodas con mi mamá y hermana ya que pronto será la boda de mi prima.
3718355	오랫동안 컴퓨터를 하니까 못 자겠다.	3719621	Estando en la computadora por tanto tiempo, no creo poder dormir.
3718354	빨리 스페인어가 늘었으면 좋겠네.	3719622	Quiero mejorar mi español rápido.
3718354	빨리 스페인어가 늘었으면 좋겠네.	3719623	¡Qué bueno sería si mi español mejorara rápido!
3718352	기분이 하루종일 좋았다.	3719624	Me sentí bien todo el día.
3718351	새 급우도 있고 선생님은 아주 재미있고 머리 좋은 사람이다.	3719625	Tengo nuevos compañeros y mi maestro es una persona muy lista y divertida.
3718350	오늘 새로운 수업을 들었는데 저번 수업과 같은 수준으로 들을 수 있다.	3719626	Hoy pude tomar una clase nueva al mismo nivel que mi clase anterior.
3718348	3달전에 학생이 너무 적어서 수업이 없어졌던 거다.	3719627	Se canceló la clase hace 3 meses por falta de alumnos.
3718346	오늘 스페인어 수업을 다시 받게 돼서 너무 기쁜데.	3719628	Estoy muy contento hoy de haber podido volver a tomar clases de español.
3718343	일과를 마칠 때 즈음, 저녁을 만들어 먹고 기타를 쳤다.	3719629	Después de terminar mis deberes del día, preparé cena, comí y toqué la guitarra.
3718342	숙제도 했고 일도 했고 집에 돌아가서 그 다음에 또 도서관에 숙제하러 갔다.	3719630	Hice tarea, trabajé y después de haber regresado a casa volví a la biblioteca para terminar la tarea.
3718341	주말이 너무 바쁠 테니까 보충해 둘 잠이 필요했다.	3719631	Como estaré muy ocupado el fin de semana, necesito dormir extra.
3718340	오랜만에 늦게까지 잤는데.	3719632	Hacía mucho que no dormía hasta tarde.
3718331	휴가를 4주일 보낸 후에 말하기와 쓰기를 유창하게 하지 못하고, 더 많은 연습이 필요하다.	3719633	Después de 4 semanas de vacaciones no puedo hablar con fluidez, necesito practicar mucho más.
3718232	방과 후 음식 찌꺼기 처리기를 바꾸기 위해 수리공을 불렀어.	3746361	Después de clases tuve que llamar al reparador para cambiar el triturador de basura.
911514	너 바보 아냐!	3749281	¡Si serás idiota!
3752904	나는 임신 4개월이다.	3052	Estoy embarazada de cuatro meses.
3752906	다음은 누구 차례지?	1276064	¿Quién sigue?
3752908	다음 분 오세요.	1296665	El siguiente, por favor.
3752910	완전 말도 안돼!	1874628	¡Eso es totalmente absurdo!
3752914	1, 3, 5는 홀수이다.	3752913	Uno, tres y cinco son números nones.
3752916	2, 4, 6 등은 짝수이다.	802886	Dos, cuatro, seis, etc. son números pares.
3752924	카드 돼요?	590039	¿Puedo pagar con tarjeta de crédito?
3781096	없다.	1402469	No hay.
957286	축하합니다!	2642	¡Felicidades!
935702	5 더하기 3는 8이다.	2005822	Cinco más tres es ocho.
1637165	이 책은 누구 것이지?	742193	¿De quién es este libro?
3948403	이것은 누구의 책입니까?	742193	¿De quién es este libro?
3947945	물 좀 가져다 드릴까요?	3948587	¿Le traigo un poco de agua?
3947846	필기구 좀 주시겠습니까?	3948599	¿Me daría algo con qué escribir?
3947816	조금만 주시겠습니까?	3948605	¿Me daría un poquito?
3947779	그것 좀 주시겠습니까?	3948612	¿Me pasaría eso ahí?
3947796	예를 들어 주시겠습니까?	3948623	¿Me daría un ejemplo?
3947791	잠깐만 기다려 주세요.	464315	Espere un momento.
3947786	종이 한 장만 주시겠습니까?	3948635	¿Me daría una hoja de papel?
3948668	나는 산에 가길 원합니다.	3948749	Quiero ir a la montaña.
2652677	나는 잘 거다.	1196207	Voy a dormir.
4430112	네?	461022	¿Qué?
4430113	뭐?	461022	¿Qué?
4038386	왜?	375872	¿Por qué?
4474991	드세요!	1198484	¡Cómalo!
4474995	잡수세요!	1198484	¡Cómalo!
4440438	먹었어요.	4505631	Comí.
1587274	오해하지 마세요.	3287882	No me malentienda.
4568779	그냥 악몽이었어.	1598211	Solo fue una pesadilla.
4568866	타토에바는 SNS가 아닙니다.	4571213	Tatoeba no es una red social.
3681073	일은 어때?	1013531	¿Qué tal el trabajo?
3681092	톰은 대부분의 흡혈귀와는 달리 관에서 자지 않는다.	2996388	Tom no duerme en un ataúd como la mayoría de los vampiros.
3681090	톰은 대부분의 흡혈귀처럼 관에서 자지 않는다.	2996388	Tom no duerme en un ataúd como la mayoría de los vampiros.
2652720	사랑이 뭐예요?	502366	¿Qué es el amor?
4708232	끼어 들어서 죄송합니다.	4708412	Perdón por meterme.
4708232	끼어 들어서 죄송합니다.	4708413	Perdón por entremeterme.
4708232	끼어 들어서 죄송합니다.	4708414	Perdone la interrupción.
4708233	방해해서 죄송합니다.	4708414	Perdone la interrupción.
4708231	미안하다고 했잖아요.	4708415	Dije que lo lamentaba.
4708230	미안하다고 했잖아.	4708416	Dije que perdón.
4708229	죄송합니다, 어머니.	1713569	Lo lamento, madre.
4708228	엄마, 미안해요.	4708417	Lo siento, mami.
4708227	늦어서 미안해.	554035	Perdón por llegar tarde.
4708226	정말 죄송합니다.	4708418	De verdad lo lamento.
4708225	정말 미안해.	4708419	De veras lo siento.
4708224	유감입니다.	3438937	Lo lamento.
4708224	유감입니다.	537407	Qué lástima.
4708223	죄송합니다.	942156	Lo siento.
4708222	미안해요.	942156	Lo siento.
4708221	미안해.	4708420	Perdón.
4708220	너무 걱정하지 마. 잘될거야.	4708421	No te preocupes tanto. Saldrá bien.
4708218	힘내!	605257	¡Ánimo!
4708217	나도 몰라.	3239800	Yo tampoco sé.
4708217	나도 몰라.	3303095	Yo tampoco lo sé.
4708195	네가 이해가 안돼.	667054	No te entiendo.
4708194	선생님의 말씀은 이해가 안 됩니다.	436556	No le entiendo.
4708191	이해가 안돼.	2874	No entiendo.
4708449	겨울방학은 며칠부터야?	4708556	¿Qué día empiezan las vacaciones de invierno?
4710394	왜 그렇게 생각해?	968641	¿Por qué piensas eso?
4710395	시험 잘쳐.	4710436	Que te vaya bien en el examen.
4710393	어째서 알고 있는 거야?	4710437	¿Cómo es que sabes?
4710392	불 좀 꺼도 돼?	1099511	¿Puedo apagar la luz?
4710392	불 좀 꺼도 돼?	4710438	¿Está bien si apago la luz?
4710391	전화기 좀 빌려도 돼?	1101780	¿Puedo usar tu teléfono?
4710390	이유를 물어봐도 돼?	4710442	¿Se puede preguntar por qué?
4710390	이유를 물어봐도 돼?	4710443	¿Está bien preguntar por qué?
4710390	이유를 물어봐도 돼?	4710444	¿Se vale preguntar por qué?
4710389	출구는 어디예요?	687649	¿Dónde está la salida?
4710388	톰한테 답장 왔어?	4710447	¿Te llegó la respuesta de Tom?
4710387	다들 졸리지 않아?	4710448	Plebes, ¿no tienen sueño?
4710387	다들 졸리지 않아?	4710449	Chicos, ¿no tenéis sueño?
4717804	톰은 메리한테 남동생이 있는지 몰랐어.	1477197	Tom no sabía que Mary tenía un hermano.
942235	생일 축하합니다!	332230	¡Feliz cumpleaños!
1054266	이것은 DVD이에요.	1108061	Esto es un DVD.
4948556	그거 입어봐도 돼?	1852328	¿Puedo probármelo?
4948557	그거 입어봐도 돼요?	1852328	¿Puedo probármelo?
4948559	제 시간에 오셨네요.	4948540	Estás a tiempo.
4948560	시간맞춰 왔네요.	4948540	Estás a tiempo.
4950387	와, 너 완전 가수같다.	4950435	Guau, bien que pareces cantante.
3684999	이게 와인이야?	4772122	¿Esto es vino?
4950448	이 책을 읽으세요.	4869799	Lea este libro.
4950447	이 책 읽어.	1283000	Lee este libro.
4950441	긴장돼요.	2945288	Estoy nervioso.
4950441	긴장돼요.	4950452	Estoy nerviosa.
4950442	떨려요.	2945288	Estoy nervioso.
4950442	떨려요.	4950454	Está temblando.
4952570	저는 강아지가 정말 좋아요.	4952577	A mí me gustan muchísimo los perros.
4952573	아침식사는 오전 7시에 제공됩니다.	4952581	El desayuno se sirve a las siete de la mañana.
4952571	저도 음악을 좋아합니다.	1287903	A mí también me gusta la música.
4952572	저도 음악이 정말 좋아요.	1402405	A mí también me encanta la música.
4708183	멈춰!	462479	¡Alto!
4710375	비와?	1808371	¿Está lloviendo?
4708182	그만 해!	1518433	¡Ya!
4710369	서둘러!	2535	¡Date prisa!
4710369	서둘러!	4242106	¡Apurate!
4710372	뭐 샀어?	464531	¿Qué compraste?
4708186	춥지 않니?	1060957	¿No tienes frío?
4710363	자고 있어?	2299442	¿Estás dormido?
4710365	와, 눈이다!	4952591	Ay, ¡está nevando!
4948580	넌 내 거야.	4952592	Tú eres mío.
4710361	지금 한가해?	976213	¿Estás libre ahora?
4710362	신문 어딨어?	549042	¿Dónde está el periódico?
4710368	뭐에 쓰려고?	572461	¿Para qué lo usarás?
4710373	이거 톰 꺼야?	4952593	¿Esto es de Tom?
4710374	뭘 보고 있어?	600173	¿Qué estás mirando?
4710379	벌써 11시야.	2798	Ya son las once.
4710380	이 노래 알아?	1801513	¿Conoces esta canción?
4710381	여기 자주 와?	4952594	¿Vienes aquí seguido?
4737184	아, 울 것 같아.	4952595	Ay, parece que va a llorar.
4737184	아, 울 것 같아.	4952596	Ay, creo que voy a llorar.
4950458	예약해 놨어.	4952597	Hice las reservaciones.
4950457	예약해 뒀어요.	4952597	Hice las reservaciones.
4002427	터키에 살아요.	2024905	Vivo en Turquía.
4002427	터키에 살아요.	4952598	Vive en Turquía.
4705819	내가 일등이다.	4952599	Soy el primer lugar.
4710376	나 몇 살로 보여?	2881731	¿De qué edad me veo?
4710378	내 열쇠 못봤어?	1512822	¿No has visto mis llaves?
4710385	코트 벗지 그래?	4952601	¿Y si te quitas el abrigo?
4737190	왜 거짓말했어?	564577	¿Por qué mentiste?
4861565	울지마, 부탁해.	4952602	No llores, por favor.
4861568	의심해서 미안.	4952603	Perdóname por dudar.
4861571	미안, 실수했어.	4600734	Perdón, me equivoqué.
4861578	정말 미안해요.	4952607	De verdad lo siento.
4861578	정말 미안해요.	342457	Lo siento de verdad.
4948588	내가 도와줄게.	4317600	Yo te ayudo.
4950397	이 국 너무 짜요.	4952609	Esta sopa está muy salada.
4705821	그건 시간 낭비야.	343209	Eso es una pérdida de tiempo.
4705821	그건 시간 낭비야.	4952612	Es una pérdida de tiempo.
4708174	그녀는 발이 작다.	493488	Ella tiene pies pequeños.
4708187	조금 춥지 않나요?	4952613	¿No tienes un poco de frío?
4710352	걘 항상 쌀쌀맞아.	4952614	Él siempre es muy seco.
4710360	무슨 얘기 중이야?	2961	¿De qué estás hablando?
4710366	잃어버린 거 없어?	4952615	¿No has olvidado nada?
4861570	어제 일은 미안해.	2138022	Lamento lo de ayer.
4861580	미안, 잔돈이 없어.	4952616	Lo siento, no tengo feria.
4948549	버스가 다니나요?	4952619	¿Hay un autobús que va?
4948594	포기할 수 없어요.	4952623	No se vale rendirse.
4952515	우린 안에 있어요.	4952625	Estamos adentro.
4952513	우리 안에 들어와 있어.	4952625	Estamos adentro.
4952513	우리 안에 들어와 있어.	4952629	Estamos metidos.
4952535	난 눈이 정말 좋아.	4952631	A mí sí que me gusta la nieve.
3752900	늦어서 죄송합니다.	898409	Disculpe la tardanza.
4708162	어제 수도가 끊겼다.	4952632	Ayer se cortó el agua.
4708190	점점 추워지고 있다.	484902	Hace cada vez más frío.
4708441	오늘 저녁밥은 뭐야?	4952634	¿Qué hay para cenar esta noche?
4710350	조금만 더 기다려 줘.	4952635	Espera solo un poquito más.
4710351	오늘은 꽤 쌀쌀한 걸.	4952637	Hoy está bastante fresco.
4710364	지금 이 소리는 뭐지?	4952638	¿Qué será ese sonido?
4710383	너무 무리하지는 마.	4952639	No te esfuerces de más.
4710384	기다리게 해서 미안.	4952640	Perdón por hacerte esperar.
4737179	옷 좀 갈아입고 올게.	4952641	Nomás me cambio de ropa y vuelvo.
4737183	돈 잊지말고 챙겨가.	4952642	No olvides llevarte el dinero.
4861569	어젯밤 일은 미안해.	1672030	Lamento lo de anoche.
4861576	상처줬다면 미안해.	4952643	Perdóname si es que te herí.
4948586	제가 도와드릴게요.	4952699	Yo le ayudo.
4948592	우린 포기할 수 없어.	4952700	No nos podemos rendir.
4950371	몇 번을 반복해야 해?	4948630	¿Cuántas veces tengo que repetirlo?
4952529	이거 정말 기분 좋다.	4329347	Esto es tan relajante.
4952529	이거 정말 기분 좋다.	4952701	¡Qué bien se siente esto!
4952536	책읽는 거 좋아해요.	338601	Me gusta leer libros.
4002432	나는 열여섯 살입니다.	536304	Tengo dieciséis años.
4002439	삼성은 큰 회사입니다.	4952708	Samsung es una compañía grande.
4705809	개는 냄새에 민감하다.	4952710	Los perros poseen un agudo sentido del olfato.
4708172	나는 음악듣고 있어. 넌?	4952711	Estoy escuchando música. ¿Y tú?
4708189	반팔인데 춥지 않나요?	4952712	Traes manga corta; ¿no tienes frío?
4708193	나는 영어를 못합니다.	2342006	Yo no hablo inglés.
4708193	나는 영어를 못합니다.	1493186	No entiendo inglés.
4717729	집 칠하는 것을 도와줘!	1721588	¡Ayúdame a pintar la casa!
4861567	저기, 부탁이 있는데요.	4952720	Seño, ¿me hace un favor?
4861572	발음이 나빠서 미안해.	4952721	Disculpa la mala pronunciación.
4948548	무슨 일이 있었던 거야?	4952725	Pero ¿qué fue lo que pasó?
4948581	당신은 나의 것입니다.	4952727	Usted es mío.
4948589	미안하지만, 모르겠어.	4952728	Perdón, pero no entiendo.
4948591	무슨 일인지 얘기해봐.	4952729	Cuéntame qué pasa.
4950370	부끄러워 할 거 없어요.	1535239	No hay nada de qué avergonzarse.
3746370	A와 B의 차이가 뭐예요?	2666837	¿Cuál es la diferencia entre A y B?
3752903	그녀는 임신 8개월이다.	4952731	Ella tiene ocho meses de embarazo.
4705826	짐은 예전의 그가 아니다.	1731711	Jim no es lo que solía ser.
4708439	또 필요없는 걸 사버렸어.	4952733	Otra vez compró cosas que no necesitaba.
4708444	어느 정도 규모의 회사야?	4952737	¿De qué tamaño es la compañía?
4710377	지금 좋아하는 사람 있어?	4952741	¿Hay alguien que te guste ahora?
3684954	난 일어 교사다.	1004863	Yo soy profesor de japonés.
3684980	나는 못 생겼다.	4426179	Soy feo.
3684980	나는 못 생겼다.	4426178	Soy fea.
4952650	최대한 세게 차.	4952808	Patea lo más fuerte que puedas.
4952651	최대한 세게 차세요.	4952810	Patee lo más fuerte que pueda.
4960653	운전 조심하세요.	576610	Conduzca con cuidado.
4960653	운전 조심하세요.	4960657	Maneje con cuidado.
4960652	안전운전하세요.	4960657	Maneje con cuidado.
4960652	안전운전하세요.	576610	Conduzca con cuidado.
4960661	이 카메라는 쌉니다.	4960663	Esta cámara está barata.
4960655	좀 더 싸게는 안돼?	4960664	¿No me lo dejas más barato?
4960658	사는 것은 어렵고, 죽는 것은 쉽다.	4960666	La vida es dura y la muerte segura.
4960659	그걸 듣고 안심했어.	1503357	Me alivia oír eso.
4960660	그걸 들으니 안심이 되었어.	1503357	Me alivia oír eso.
4960665	지갑을 잃어버렸어.	4960667	Se me perdió la billetera.
4960668	쓸 수 있어요?	4505812	¿Sabes escribir?
4960669	세계 여성의 날을 축하합니다.	3082629	¡Feliz Día Internacional de la Mujer!
4960687	코가 막혔다.	2225349	Tengo la nariz tapada.
4568849	스포츠는 누구나 좋아한다.	4961878	Los deportes a todos les gustan.
4963169	톰은 사과 심을 쓰레기통에 버렸다.	4963171	Tom tiró el corazón de la manzana al bote de basura.
4963183	빨리 와!	339038	¡Ven rápido!
4963297	그녀는 그 병을 열 수 없었다.	1757159	Ella no podía abrir la botella.
4739157	가자!	1415977	¡Vámonos!
4739157	가자!	1448287	¡Vamos!
4038390	왜 나야?	720463	¿Por qué yo?
4038395	너 잠자?	2299442	¿Estás dormido?
4038404	난 몰라.	2394637	Yo no sé.
4710363	자고 있어?	2025541	¿Estás durmiendo?
4717809	축하해!	2642	¡Felicidades!
4038388	왜 아니야?	504549	¿Por qué no?
4038389	너 왜 울어?	4987020	¿Tú por qué lloras?
4038397	자고 싶다.	380916	Quiero dormir.
4038398	잠들었다.	1031023	Me dormí.
4038398	잠들었다.	4987028	Se durmió.
4739154	걔 괜찮아.	2686830	Me cae bien.
4739155	저건 뭐야?	3767576	¿Qué es aquello?
4965174	은행 해요?	4988182	¿Está trabajando el banco?
4032525	창이 열렸다.	4988183	La ventana se abrió.
4038403	나는 몰라요.	2394637	Yo no sé.
4043373	저놈 잡아라!	1349320	Atrápalo.
4043373	저놈 잡아라!	4988189	¡Agárralo!
4043373	저놈 잡아라!	4988190	¡Agarren a aquel güey!
461974	저는 미국사람 이에요	463429	Soy estadounidense.
4440445	마시고 싶어요.	5070508	Quiero beberlo.
4440445	마시고 싶어요.	5070509	Quiero tomármelo.
2655609	사랑과 우정 사이에 경계선을 긋는 것은 매우 어려운 일이다.	5087622	Es muy difícil dibujar el límite entre amor y amistad.
5102869	뭐라카노!	5102882	¿Pero qué dices?
5280173	4 곱하기 5는 20이다.	1068497	Cuatro veces cinco es veinte.
5240253	나는 박지성이다.	5285786	Yo soy Jiseong Park.
5386341	그 약은 쓰다.	1340438	La medicina sabe amarga.
3647146	한국말을 공부합니다.	463430	Estudio coreano.
1054233	네.	477135	Sí.
5568826	비와.	337088	Llueve.
5568826	비와.	456238	Está lloviendo.
5568820	비가 와요.	456238	Está lloviendo.
5568820	비가 와요.	337088	Llueve.
5568718	눈이 와요.	330091	Está nevando.
1169267	공부 해!	697489	¡Estudia!
982251	저 고양이가 갈색입니다.	6170988	Aquel gato es café.
6304884	그녀는 자살을 시도했다.	338731	Ella intentó suicidarse.
6305078	열차는 오후 두시 반에 떠난다.	340061	El tren sale a las dos y media de la tarde.
6305136	다음 주 발라톤에 갈 거야.	872244	La próxima semana iré al Balaton.
6305234	나는 그의 장례식에 참석했다.	877395	Asistí a su funeral.
6305278	우리는 우리가 생각하는 것이다.	1726823	Somos lo que pensamos.
2852412	공부할 방이 없다.	6990136	No hay ningún cuarto para estudiar.
7166407	산책하고 싶어?	5087849	¿Te apetece pasear?
7166415	맥주 하나 더 할래?	855975	¿Te apetece otra cerveza?
7166421	뭐 먹고 싶어?	6701177	¿Qué te apetece comer?
7166426	딸기가 있는데 너 먹고 싶니?	6817880	Tengo fresas, ¿te apetecen?
7166432	너 산책할래?	338206	¿Te apetece dar un paseo?
7166437	너 나랑 지금 춤출래?	6830790	¿Te apetece bailar conmigo ahora?
7166439	너 커피 좀 마실래?	475514	¿Te apetece un poco de café?
7166463	한 바퀴 돌래?	5087850	¿Te apetece dar una vuelta?
7166469	너 산책하고 싶니?	1366801	¿Te apetecería dar un paseo?
7166507	너 어디 가고 싶니?	5669760	¿A qué lugar te apetecería ir?
5548657	운전 조심해.	5102194	Maneja con cuidado.
7794504	오전 내내 공부를 했더니, 지금 피곤하네. 에너지를 보충해야겠어.	3690024	He estado estudiando toda la mañana, ahora estoy cansado... necesito energía extra.
7810379	그가 왜 탁자 밑에 숨어 있지?	1764651	¿Por qué se está escondiendo debajo de la mesa?
7810380	스페인의 아이들은 성탄절이 아니라, 동방 박사의 날에 선물을 받는다.	5687118	Los niños españoles no reciben sus regalos el día de Navidad, sino el de los Reyes Magos.
4950395	이야기를 마저 들어보자.	1481559	Escuchemos el resto de la historia.
8061749	난 이것들이 좋다.	6600579	Quiero éstos.
8061821	누가 읽고 있습니까?	1006847	¿Quién lee?
8239989	그는 큰 책임감을 느낀다.	970954	Él tiene un gran sentido de la responsabilidad.
8804470	친구는 많을수록 좋아요.	8804472	Cuantos más amigos, mejor.
5352	뭐해?	8939122	¿En qué andas?
5359	모르겠어요.	1023537	No lo sé.
9414924	축하해요!	2642	¡Felicidades!
9414948	톰에겐 아무 문제도 없었다.	3597609	A Tom no le pasa nada.
9583537	그녀가 하는 말을 믿을 수가 없어.	623924	No confío en lo que ella dice.
9793333	제 이름은 톰입니다.	1307074	Mi nombre es Tom.
1621993	그가 올때 우리는 경기를 시작 할거에요.	1097337	Empezaremos el partido cuando llegue.
10121661	나는 너야.	10121615	Soy tú.
10121661	나는 너야.	10121640	Yo soy tú.
10576582	그는 돈이 없어 보였다.	1609141	Parecía que él estaba corto de dinero.
10576605	요즘 나오는 영화 중에 최악이다.	1319817	Esta es la peor película que hay actualmente.
10576616	소년이 사다리를 잡고 오르기 시작했다.	858792	El chico agarró la escalera y comenzó a subir.
2478223	나비 빨라.	10045658	La mariposa revolotea.
2652664	몰라.	376608	No sé.
10622037	안녕! 질 지내?	535237	¡Hola! ¿Cómo estás?
10622072	응.	752908	Vale.
10622097	아니.	479870	No.
10622146	아니!	851863	¡No!
10622389	잘 자요!	528431	¡Buenas noches!
10622379	잘 자요.	2507852	Buenas noches.
8423000	왜 안돼?	504549	¿Por qué no?
10008440	나는 톰이야. 너는?	10623935	Yo soy Tom, ¿y tú?
10623945	나는 톰이야.	3344385	Yo soy Tom.
8361853	나는 인간이야.	1264219	Soy un ser humano.
8361853	나는 인간이야.	10623992	Yo soy un ser humano.
10663803	안녕하세요?	431975	Hola.
10663803	안녕하세요?	1351884	¿Te encuentras bien?
10573915	왜 우리는 프랑스어를 공부할까요?	7695088	¿Por qué estudiamos francés?
8363270	고마워.	3594305	Gracias.
6305129	고마워!	382058	¡Gracias!
5548647	안녕!	1502706	¡Hola!
8355888	안녕.	431975	Hola.
330711	안녕, 톰.	351033	Hola, Tom.
10675003	안녕, 톰!	4527517	¡Hola, Tom!
11106614	이 단어는 잘못 번역된 것 같다.	1476942	Creo que esta palabra está mal traducida.
8365125	나는 말을 좋아해.	1422753	Me gustan los caballos.
8119522	한국 사람입니다.	1873390	Soy coreano.
8119522	한국 사람입니다.	11035813	Soy coreana.
11105674	정말 진심이야!	4410023	En verdad hablo en serio.
11106532	우리는 당신의 조언이 필요하다.	1471283	Necesitamos tu consejo.
3684950	난 널 용서한다.	1422854	Te perdono.
4748030	도쿄는 야경이 끝내줘.	330049	La vista nocturna de Tokio es magnífica.
10576570	그녀는 나를 방해했다.	3541462	Ella me interrumpió.
10608855	나는 아들이 둘 있는데 하나는 도쿄에 있고 다른 하나는 나고야에 있다.	786241	Tengo dos hijos: uno está en Tokio y el otro en Nagoya.
11082060	일곱 시 반이었다.	2181921	Eran las siete y media.
10706767	스위스는 프랑스와 이탈리아, 오스트리아, 독일 사이에 있다.	2114560	Suiza queda entre Francia, Italia, Austria y Alemania.
9803447	1000 메터는 1 키로메터다	5058762	Mil metros son un kilómetro.
10576619	우리는 여전히 친구사이다.	4910830	Todavía somos amigos.
11101332	타토에바를 통해서 언어를 배울 수 있다.	412737	Usando Tatoeba se pueden aprender idiomas.
11469916	나는 정교회 신자입니다.	10699396	Soy cristiano ortodoxo.
11469918	나는 정교인입니다.	10699396	Soy cristiano ortodoxo.
